Booking_Date,Feature,Offline_Value,Online_Value
2025-11-14,is_couple,0.0,0.0
2025-11-14,extended_stay,0.0,0.0
2025-11-14,is_weekend,0.0,0.0
2025-11-14,is_festival,0.0,0.0
2025-11-14,is_festival_eve,0.0,0.0
2025-11-14,is_long_weekend,0.0,0.0
2025-11-14,is_consecutive_holiday,0.0,0.0
2025-11-14,is_school_vacation,0.0,0.0
2025-11-14,is_local_vacation,0.0,0.0
2025-11-14,is_vacation,0.0,0.0
2025-11-14,is_peak_season,0.0,0.0
2025-11-14,is_off_season,1.0,1.0
2025-11-14,is_family,0.0,0.0
2025-11-14,is_corporate,1.0,1.0
2025-11-14,is_extended_booking,0.0,0.0
2025-11-14,is_friday_night,0.0,0.0
2025-11-14,is_saturday_day,0.0,0.0
2025-11-14,is_saturday_night,0.0,0.0
2025-11-14,is_sunday_day,0.0,0.0
2025-11-14,is_sunday_night,0.0,0.0
2025-11-14,is_holiday_bridge,0.0,0.0
2025-11-14,wedding_season,1.0,1.0
2025-11-14,is_same_day,0.0,0.0
2025-11-14,is_lead_1_3d,0.0,0.0
2025-11-14,is_lead_4_7d,0.0,0.0
2025-11-14,is_lead_8_14d,1.0,1.0
2025-11-14,is_lead_15_30d,0.0,0.0
2025-11-14,is_lead_31_60d,0.0,0.0
2025-11-14,is_lead_60d_plus,0.0,0.0
2025-11-14,person_count,15.0,15.0
2025-11-14,lead_days,9.0,9.0
2025-11-14,duration_hours,24.0,24.0
2025-11-14,effective_daily_rate,14390.0,8500.0
2025-11-14,highest_revenue_weekday,0.0,0.0
2025-11-14,highest_revenue_month,8.0,8.0
2025-11-14,competitor_price,13330.0,0.0
2025-11-14,competitor_diff,4830.0,0.0
2025-11-14,days_before_festival,59.0,59.0
2025-11-14,days_after_festival,302.0,302.0
2025-11-14,slot_lag_price_1,14420.0,0.0
2025-11-14,slot_lag_price_2,15630.0,0.0
2025-11-14,days_since_last_booking,5.0,0.0
2025-11-14,rolling_price_mean_30,15176.25,0.0
2025-11-14,bookings_last_7d,3.0,0.0
2025-11-14,bookings_last_30d,5.0,0.0
2025-11-14,occupancy_rate_7d,0.42857142857142855,0.0
2025-11-14,occupancy_rate_30d,0.16666666666666666,0.0
2025-11-14,booking_velocity,0.42857142857142855,0.0
2025-11-14,current_occupancy_pct,0.058333333333333334,0.35
2025-11-14,remaining_inventory,113.0,10.0
2025-11-14,booking_pace,2.571274294970873,1.0
2025-11-14,occupancy_trend,0.26190476190476186,0.0
2025-11-14,demand_index,57.462742949708726,50.5
2025-11-14,month_slot_avg,15707.333333333334,8500.0
2025-11-14,month_weekend_slot_avg,15707.333333333334,8500.0
2025-11-14,month_guest_slot_avg,15707.333333333334,8500.0
2025-11-14,month_festival_slot_avg,15707.333333333334,8500.0
2025-11-14,month_leadtime_slot_avg,15707.333333333334,8500.0
2025-11-14,month_weather_slot_avg,15707.333333333334,8500.0
2025-11-14,slot_type_12H Day,0.0,0.0
2025-11-14,slot_type_12H Night,0.0,0.0
2025-11-14,slot_type_24H Day,0.0,0.0
2025-11-14,slot_type_24H Night,0.0,0.0
2025-11-14,season_monsoon,0.0,0.0
2025-11-14,season_summer,0.0,0.0
2025-11-14,season_winter,0.0,0.0
2025-11-14,weather_condition_Clear,0.0,0.0
2025-11-14,month_1,0.0,0.0
2025-11-14,month_2,0.0,0.0
2025-11-14,month_3,0.0,0.0
2025-11-14,month_4,0.0,0.0
2025-11-14,month_5,0.0,0.0
2025-11-14,month_6,0.0,0.0
2025-11-14,month_7,0.0,0.0
2025-11-14,month_8,0.0,0.0
2025-11-14,month_9,0.0,0.0
2025-11-14,month_10,0.0,0.0
2025-11-14,month_11,0.0,0.0
2025-11-14,month_12,0.0,0.0
2025-11-14,day_of_week_0,0.0,0.0
2025-11-14,day_of_week_1,0.0,0.0
2025-11-14,day_of_week_2,0.0,0.0
2025-11-14,day_of_week_3,0.0,0.0
2025-11-14,day_of_week_4,0.0,0.0
2025-11-14,day_of_week_5,0.0,0.0
2025-11-14,day_of_week_6,0.0,0.0
2026-02-11,is_couple,0.0,0.0
2026-02-11,extended_stay,0.0,0.0
2026-02-11,is_weekend,0.0,0.0
2026-02-11,is_festival,0.0,0.0
2026-02-11,is_festival_eve,0.0,0.0
2026-02-11,is_long_weekend,0.0,0.0
2026-02-11,is_consecutive_holiday,0.0,0.0
2026-02-11,is_school_vacation,0.0,0.0
2026-02-11,is_local_vacation,0.0,0.0
2026-02-11,is_vacation,0.0,0.0
2026-02-11,is_peak_season,0.0,0.0
2026-02-11,is_off_season,1.0,1.0
2026-02-11,is_family,0.0,0.0
2026-02-11,is_corporate,1.0,1.0
2026-02-11,is_extended_booking,0.0,0.0
2026-02-11,is_friday_night,0.0,0.0
2026-02-11,is_saturday_day,0.0,0.0
2026-02-11,is_saturday_night,0.0,0.0
2026-02-11,is_sunday_day,0.0,0.0
2026-02-11,is_sunday_night,0.0,0.0
2026-02-11,is_holiday_bridge,0.0,0.0
2026-02-11,wedding_season,1.0,1.0
2026-02-11,is_same_day,0.0,0.0
2026-02-11,is_lead_1_3d,0.0,0.0
2026-02-11,is_lead_4_7d,0.0,0.0
2026-02-11,is_lead_8_14d,1.0,1.0
2026-02-11,is_lead_15_30d,0.0,0.0
2026-02-11,is_lead_31_60d,0.0,0.0
2026-02-11,is_lead_60d_plus,0.0,0.0
2026-02-11,person_count,15.0,15.0
2026-02-11,lead_days,13.0,13.0
2026-02-11,duration_hours,12.0,12.0
2026-02-11,effective_daily_rate,19660.0,8500.0
2026-02-11,highest_revenue_weekday,0.0,5.0
2026-02-11,highest_revenue_month,8.0,5.0
2026-02-11,weekend_premium_ratio,1.156,1.992
2026-02-11,rain_impact_ratio,0.248,0.8
2026-02-11,competitor_price,10000.0,0.0
2026-02-11,competitor_diff,1500.0,0.0
2026-02-11,days_before_festival,365.0,365.0
2026-02-11,days_after_festival,27.0,27.0
2026-02-11,slot_lag_price_1,13600.0,0.0
2026-02-11,slot_lag_price_2,11130.0,0.0
2026-02-11,days_since_last_booking,2.0,0.0
2026-02-11,rolling_price_mean_30,10925.0,0.0
2026-02-11,bookings_last_7d,2.0,0.0
2026-02-11,bookings_last_30d,3.0,0.0
2026-02-11,occupancy_rate_7d,0.2857142857142857,0.0
2026-02-11,occupancy_rate_30d,0.1,0.0
2026-02-11,booking_velocity,0.2857142857142857,0.0
2026-02-11,current_occupancy_pct,0.075,0.35
2026-02-11,remaining_inventory,111.0,10.0
2026-02-11,booking_pace,2.8568571714257143,1.0
2026-02-11,occupancy_trend,0.1857142857142857,0.0
2026-02-11,demand_index,60.818571714257146,50.5
2026-02-11,month_slot_avg,10160.0,8500.0
2026-02-11,month_weekend_slot_avg,10160.0,8500.0
2026-02-11,month_guest_slot_avg,10160.0,8500.0
2026-02-11,month_festival_slot_avg,10160.0,8500.0
2026-02-11,month_leadtime_slot_avg,10160.0,8500.0
2026-02-11,month_weather_slot_avg,10160.0,8500.0
2026-02-11,slot_type_12H Day,0.0,0.0
2026-02-11,slot_type_12H Night,0.0,0.0
2026-02-11,slot_type_24H Day,0.0,0.0
2026-02-11,slot_type_24H Night,0.0,0.0
2026-02-11,season_monsoon,0.0,0.0
2026-02-11,season_summer,0.0,0.0
2026-02-11,season_winter,0.0,0.0
2026-02-11,weather_condition_Clear,0.0,0.0
2026-02-11,month_1,0.0,0.0
2026-02-11,month_2,0.0,0.0
2026-02-11,month_3,0.0,0.0
2026-02-11,month_4,0.0,0.0
2026-02-11,month_5,0.0,0.0
2026-02-11,month_6,0.0,0.0
2026-02-11,month_7,0.0,0.0
2026-02-11,month_8,0.0,0.0
2026-02-11,month_9,0.0,0.0
2026-02-11,month_10,0.0,0.0
2026-02-11,month_11,0.0,0.0
2026-02-11,month_12,0.0,0.0
2026-02-11,day_of_week_0,0.0,0.0
2026-02-11,day_of_week_1,0.0,0.0
2026-02-11,day_of_week_2,0.0,0.0
2026-02-11,day_of_week_3,0.0,0.0
2026-02-11,day_of_week_4,0.0,0.0
2026-02-11,day_of_week_5,0.0,0.0
2026-02-11,day_of_week_6,0.0,0.0
2024-09-26,is_couple,1.0,1.0
2024-09-26,extended_stay,0.0,0.0
2024-09-26,is_weekend,0.0,0.0
2024-09-26,is_festival,0.0,0.0
2024-09-26,is_festival_eve,0.0,0.0
2024-09-26,is_long_weekend,0.0,0.0
2024-09-26,is_consecutive_holiday,0.0,0.0
2024-09-26,is_school_vacation,0.0,0.0
2024-09-26,is_local_vacation,0.0,0.0
2024-09-26,is_vacation,0.0,0.0
2024-09-26,is_peak_season,0.0,0.0
2024-09-26,is_off_season,0.0,0.0
2024-09-26,is_family,0.0,0.0
2024-09-26,is_corporate,0.0,0.0
2024-09-26,is_extended_booking,0.0,0.0
2024-09-26,is_friday_night,0.0,0.0
2024-09-26,is_saturday_day,0.0,0.0
2024-09-26,is_saturday_night,0.0,0.0
2024-09-26,is_sunday_day,0.0,0.0
2024-09-26,is_sunday_night,0.0,0.0
2024-09-26,is_holiday_bridge,0.0,0.0
2024-09-26,wedding_season,0.0,0.0
2024-09-26,is_same_day,0.0,0.0
2024-09-26,is_lead_1_3d,0.0,0.0
2024-09-26,is_lead_4_7d,0.0,0.0
2024-09-26,is_lead_8_14d,1.0,1.0
2024-09-26,is_lead_15_30d,0.0,0.0
2024-09-26,is_lead_31_60d,0.0,0.0
2024-09-26,is_lead_60d_plus,0.0,0.0
2024-09-26,person_count,2.0,2.0
2024-09-26,lead_days,10.0,10.0
2024-09-26,duration_hours,12.0,12.0
2024-09-26,effective_daily_rate,13560.0,8500.0
2024-09-26,highest_revenue_weekday,0.0,5.0
2024-09-26,highest_revenue_month,8.0,5.0
2024-09-26,weekend_premium_ratio,1.156,1.992
2024-09-26,rain_impact_ratio,0.248,0.8
2024-09-26,competitor_price,6720.0,0.0
2024-09-26,competitor_diff,-1780.0,0.0
2024-09-26,days_before_festival,34.0,34.0
2024-09-26,days_after_festival,254.0,254.0
2024-09-26,slot_lag_price_1,7860.0,0.0
2024-09-26,slot_lag_price_2,9730.0,0.0
2024-09-26,days_since_last_booking,5.0,0.0
2024-09-26,rolling_price_mean_30,7980.0,0.0
2024-09-26,bookings_last_7d,2.0,0.0
2024-09-26,bookings_last_30d,5.0,0.0
2024-09-26,occupancy_rate_7d,0.2857142857142857,0.0
2024-09-26,occupancy_rate_30d,0.16666666666666666,0.0
2024-09-26,booking_velocity,0.2857142857142857,0.0
2024-09-26,current_occupancy_pct,0.041666666666666664,0.35
2024-09-26,remaining_inventory,115.0,10.0
2024-09-26,booking_pace,1.7141828633139153,1.0
2024-09-26,occupancy_trend,0.11904761904761904,0.0
2024-09-26,demand_index,38.391828633139156,40.5
2024-09-26,month_slot_avg,8350.0,8500.0
2024-09-26,month_weekend_slot_avg,8005.0,8500.0
2024-09-26,month_guest_slot_avg,6240.0,8500.0
2024-09-26,month_festival_slot_avg,8350.0,8500.0
2024-09-26,month_leadtime_slot_avg,7860.0,8500.0
2024-09-26,month_weather_slot_avg,8350.0,8500.0
2024-09-26,slot_type_12H Day,0.0,0.0
2024-09-26,slot_type_12H Night,0.0,0.0
2024-09-26,slot_type_24H Day,0.0,0.0
2024-09-26,slot_type_24H Night,0.0,0.0
2024-09-26,season_monsoon,0.0,0.0
2024-09-26,season_summer,0.0,0.0
2024-09-26,season_winter,0.0,0.0
2024-09-26,weather_condition_Clear,0.0,0.0
2024-09-26,month_1,0.0,0.0
2024-09-26,month_2,0.0,0.0
2024-09-26,month_3,0.0,0.0
2024-09-26,month_4,0.0,0.0
2024-09-26,month_5,0.0,0.0
2024-09-26,month_6,0.0,0.0
2024-09-26,month_7,0.0,0.0
2024-09-26,month_8,0.0,0.0
2024-09-26,month_9,0.0,0.0
2024-09-26,month_10,0.0,0.0
2024-09-26,month_11,0.0,0.0
2024-09-26,month_12,0.0,0.0
2024-09-26,day_of_week_0,0.0,0.0
2024-09-26,day_of_week_1,0.0,0.0
2024-09-26,day_of_week_2,0.0,0.0
2024-09-26,day_of_week_3,0.0,0.0
2024-09-26,day_of_week_4,0.0,0.0
2024-09-26,day_of_week_5,0.0,0.0
2024-09-26,day_of_week_6,0.0,0.0
2024-12-11,is_couple,0.0,0.0
2024-12-11,extended_stay,0.0,0.0
2024-12-11,is_weekend,0.0,0.0
2024-12-11,is_festival,0.0,0.0
2024-12-11,is_festival_eve,0.0,0.0
2024-12-11,is_long_weekend,0.0,0.0
2024-12-11,is_consecutive_holiday,0.0,0.0
2024-12-11,is_school_vacation,1.0,1.0
2024-12-11,is_local_vacation,1.0,1.0
2024-12-11,is_vacation,1.0,1.0
2024-12-11,is_peak_season,1.0,1.0
2024-12-11,is_off_season,1.0,1.0
2024-12-11,is_family,1.0,1.0
2024-12-11,is_corporate,0.0,0.0
2024-12-11,is_extended_booking,0.0,0.0
2024-12-11,is_friday_night,0.0,0.0
2024-12-11,is_saturday_day,0.0,0.0
2024-12-11,is_saturday_night,0.0,0.0
2024-12-11,is_sunday_day,0.0,0.0
2024-12-11,is_sunday_night,0.0,0.0
2024-12-11,is_holiday_bridge,0.0,0.0
2024-12-11,wedding_season,1.0,1.0
2024-12-11,is_same_day,0.0,0.0
2024-12-11,is_lead_1_3d,1.0,1.0
2024-12-11,is_lead_4_7d,0.0,0.0
2024-12-11,is_lead_8_14d,0.0,0.0
2024-12-11,is_lead_15_30d,0.0,0.0
2024-12-11,is_lead_31_60d,0.0,0.0
2024-12-11,is_lead_60d_plus,0.0,0.0
2024-12-11,person_count,4.0,4.0
2024-12-11,lead_days,3.0,3.0
2024-12-11,duration_hours,12.0,12.0
2024-12-11,effective_daily_rate,23980.0,8500.0
2024-12-11,highest_revenue_weekday,0.0,5.0
2024-12-11,highest_revenue_month,8.0,5.0
2024-12-11,weekend_premium_ratio,1.156,1.992
2024-12-11,rain_impact_ratio,0.248,0.8
2024-12-11,competitor_price,12550.0,0.0
2024-12-11,competitor_diff,4050.0,0.0
2024-12-11,days_before_festival,32.0,31.0
2024-12-11,days_after_festival,38.0,38.0
2024-12-11,slot_lag_price_1,9710.0,0.0
2024-12-11,slot_lag_price_2,9960.0,0.0
2024-12-11,days_since_last_booking,7.0,0.0
2024-12-11,rolling_price_mean_30,10411.0,0.0
2024-12-11,bookings_last_7d,1.0,0.0
2024-12-11,bookings_last_30d,6.0,0.0
2024-12-11,occupancy_rate_7d,0.14285714285714285,0.0
2024-12-11,occupancy_rate_30d,0.2,0.0
2024-12-11,booking_velocity,0.14285714285714285,0.0
2024-12-11,current_occupancy_pct,0.05,0.35
2024-12-11,remaining_inventory,114.0,10.0
2024-12-11,booking_pace,0.7142500017856249,1.0
2024-12-11,occupancy_trend,-0.05714285714285716,0.0
2024-12-11,demand_index,38.64250001785625,50.5
2024-12-11,month_slot_avg,13420.0,8500.0
2024-12-11,month_weekend_slot_avg,12490.0,8500.0
2024-12-11,month_guest_slot_avg,11130.0,8500.0
2024-12-11,month_festival_slot_avg,13420.0,8500.0
2024-12-11,month_leadtime_slot_avg,14905.0,8500.0
2024-12-11,month_weather_slot_avg,13420.0,8500.0
2024-12-11,slot_type_12H Day,0.0,0.0
2024-12-11,slot_type_12H Night,0.0,0.0
2024-12-11,slot_type_24H Day,0.0,0.0
2024-12-11,slot_type_24H Night,0.0,0.0
2024-12-11,season_monsoon,0.0,0.0
2024-12-11,season_summer,0.0,0.0
2024-12-11,season_winter,0.0,0.0
2024-12-11,weather_condition_Clear,0.0,0.0
2024-12-11,month_1,0.0,0.0
2024-12-11,month_2,0.0,0.0
2024-12-11,month_3,0.0,0.0
2024-12-11,month_4,0.0,0.0
2024-12-11,month_5,0.0,0.0
2024-12-11,month_6,0.0,0.0
2024-12-11,month_7,0.0,0.0
2024-12-11,month_8,0.0,0.0
2024-12-11,month_9,0.0,0.0
2024-12-11,month_10,0.0,0.0
2024-12-11,month_11,0.0,0.0
2024-12-11,month_12,0.0,0.0
2024-12-11,day_of_week_0,0.0,0.0
2024-12-11,day_of_week_1,0.0,0.0
2024-12-11,day_of_week_2,0.0,0.0
2024-12-11,day_of_week_3,0.0,0.0
2024-12-11,day_of_week_4,0.0,0.0
2024-12-11,day_of_week_5,0.0,0.0
2024-12-11,day_of_week_6,0.0,0.0
2025-07-14,is_couple,0.0,0.0
2025-07-14,extended_stay,0.0,0.0
2025-07-14,is_weekend,0.0,0.0
2025-07-14,is_festival,0.0,0.0
2025-07-14,is_festival_eve,0.0,0.0
2025-07-14,is_long_weekend,0.0,0.0
2025-07-14,is_consecutive_holiday,0.0,0.0
2025-07-14,is_school_vacation,0.0,0.0
2025-07-14,is_local_vacation,0.0,0.0
2025-07-14,is_vacation,0.0,0.0
2025-07-14,is_peak_season,0.0,0.0
2025-07-14,is_off_season,0.0,0.0
2025-07-14,is_family,0.0,0.0
2025-07-14,is_corporate,1.0,1.0
2025-07-14,is_extended_booking,0.0,0.0
2025-07-14,is_friday_night,0.0,0.0
2025-07-14,is_saturday_day,0.0,0.0
2025-07-14,is_saturday_night,0.0,0.0
2025-07-14,is_sunday_day,0.0,0.0
2025-07-14,is_sunday_night,0.0,0.0
2025-07-14,is_holiday_bridge,0.0,0.0
2025-07-14,wedding_season,0.0,0.0
2025-07-14,is_same_day,0.0,0.0
2025-07-14,is_lead_1_3d,0.0,0.0
2025-07-14,is_lead_4_7d,0.0,0.0
2025-07-14,is_lead_8_14d,1.0,1.0
2025-07-14,is_lead_15_30d,0.0,0.0
2025-07-14,is_lead_31_60d,0.0,0.0
2025-07-14,is_lead_60d_plus,0.0,0.0
2025-07-14,person_count,15.0,15.0
2025-07-14,lead_days,8.0,8.0
2025-07-14,duration_hours,12.0,12.0
2025-07-14,effective_daily_rate,20140.0,8500.0
2025-07-14,highest_revenue_weekday,0.0,5.0
2025-07-14,highest_revenue_month,8.0,5.0
2025-07-14,weekend_premium_ratio,1.156,1.992
2025-07-14,rain_impact_ratio,0.248,0.8
2025-07-14,competitor_price,9820.0,0.0
2025-07-14,competitor_diff,1320.0,0.0
2025-07-14,days_before_festival,182.0,181.0
2025-07-14,days_after_festival,180.0,180.0
2025-07-14,slot_lag_price_1,12340.0,0.0
2025-07-14,slot_lag_price_2,12510.0,0.0
2025-07-14,days_since_last_booking,4.0,0.0
2025-07-14,rolling_price_mean_30,11502.0,0.0
2025-07-14,bookings_last_7d,3.0,0.0
2025-07-14,bookings_last_30d,5.0,0.0
2025-07-14,occupancy_rate_7d,0.42857142857142855,0.0
2025-07-14,occupancy_rate_30d,0.16666666666666666,0.0
2025-07-14,booking_velocity,0.42857142857142855,0.0
2025-07-14,current_occupancy_pct,0.05,0.35
2025-07-14,remaining_inventory,114.0,10.0
2025-07-14,booking_pace,2.571274294970873,1.0
2025-07-14,occupancy_trend,0.26190476190476186,0.0
2025-07-14,demand_index,47.212742949708726,40.5
2025-07-14,month_slot_avg,10410.0,8500.0
2025-07-14,month_weekend_slot_avg,10410.0,8500.0
2025-07-14,month_guest_slot_avg,10800.0,8500.0
2025-07-14,month_festival_slot_avg,10410.0,8500.0
2025-07-14,month_leadtime_slot_avg,10410.0,8500.0
2025-07-14,month_weather_slot_avg,10410.0,8500.0
2025-07-14,slot_type_12H Day,0.0,0.0
2025-07-14,slot_type_12H Night,0.0,0.0
2025-07-14,slot_type_24H Day,0.0,0.0
2025-07-14,slot_type_24H Night,0.0,0.0
2025-07-14,season_monsoon,0.0,0.0
2025-07-14,season_summer,0.0,0.0
2025-07-14,season_winter,0.0,0.0
2025-07-14,weather_condition_Clear,0.0,0.0
2025-07-14,month_1,0.0,0.0
2025-07-14,month_2,0.0,0.0
2025-07-14,month_3,0.0,0.0
2025-07-14,month_4,0.0,0.0
2025-07-14,month_5,0.0,0.0
2025-07-14,month_6,0.0,0.0
2025-07-14,month_7,0.0,0.0
2025-07-14,month_8,0.0,0.0
2025-07-14,month_9,0.0,0.0
2025-07-14,month_10,0.0,0.0
2025-07-14,month_11,0.0,0.0
2025-07-14,month_12,0.0,0.0
2025-07-14,day_of_week_0,0.0,0.0
2025-07-14,day_of_week_1,0.0,0.0
2025-07-14,day_of_week_2,0.0,0.0
2025-07-14,day_of_week_3,0.0,0.0
2025-07-14,day_of_week_4,0.0,0.0
2025-07-14,day_of_week_5,0.0,0.0
2025-07-14,day_of_week_6,0.0,0.0
2025-08-06,is_couple,0.0,0.0
2025-08-06,extended_stay,0.0,0.0
2025-08-06,is_weekend,0.0,0.0
2025-08-06,is_festival,0.0,0.0
2025-08-06,is_festival_eve,0.0,0.0
2025-08-06,is_long_weekend,0.0,0.0
2025-08-06,is_consecutive_holiday,0.0,0.0
2025-08-06,is_school_vacation,0.0,0.0
2025-08-06,is_local_vacation,0.0,0.0
2025-08-06,is_vacation,0.0,0.0
2025-08-06,is_peak_season,0.0,0.0
2025-08-06,is_off_season,0.0,0.0
2025-08-06,is_family,1.0,1.0
2025-08-06,is_corporate,0.0,0.0
2025-08-06,is_extended_booking,0.0,0.0
2025-08-06,is_friday_night,0.0,0.0
2025-08-06,is_saturday_day,0.0,0.0
2025-08-06,is_saturday_night,0.0,0.0
2025-08-06,is_sunday_day,0.0,0.0
2025-08-06,is_sunday_night,0.0,0.0
2025-08-06,is_holiday_bridge,0.0,0.0
2025-08-06,wedding_season,0.0,0.0
2025-08-06,is_same_day,0.0,0.0
2025-08-06,is_lead_1_3d,0.0,0.0
2025-08-06,is_lead_4_7d,0.0,0.0
2025-08-06,is_lead_8_14d,1.0,1.0
2025-08-06,is_lead_15_30d,0.0,0.0
2025-08-06,is_lead_31_60d,0.0,0.0
2025-08-06,is_lead_60d_plus,0.0,0.0
2025-08-06,person_count,8.0,8.0
2025-08-06,lead_days,12.0,12.0
2025-08-06,duration_hours,24.0,24.0
2025-08-06,effective_daily_rate,15850.0,8500.0
2025-08-06,highest_revenue_weekday,0.0,5.0
2025-08-06,highest_revenue_month,8.0,5.0
2025-08-06,weekend_premium_ratio,1.156,1.992
2025-08-06,rain_impact_ratio,0.248,0.8
2025-08-06,competitor_price,16470.0,0.0
2025-08-06,competitor_diff,7970.0,0.0
2025-08-06,days_before_festival,158.0,158.0
2025-08-06,days_after_festival,203.0,203.0
2025-08-06,slot_lag_price_1,15880.0,0.0
2025-08-06,slot_lag_price_2,16490.0,0.0
2025-08-06,days_since_last_booking,21.0,0.0
2025-08-06,rolling_price_mean_30,16167.0,0.0
2025-08-06,bookings_last_7d,1.0,0.0
2025-08-06,bookings_last_30d,6.0,0.0
2025-08-06,occupancy_rate_7d,0.14285714285714285,0.0
2025-08-06,occupancy_rate_30d,0.2,0.0
2025-08-06,booking_velocity,0.14285714285714285,0.0
2025-08-06,current_occupancy_pct,0.075,0.35
2025-08-06,remaining_inventory,111.0,10.0
2025-08-06,booking_pace,0.7142500017856249,1.0
2025-08-06,occupancy_trend,-0.05714285714285716,0.0
2025-08-06,demand_index,29.39250001785625,40.5
2025-08-06,month_slot_avg,15322.22222222222,8500.0
2025-08-06,month_weekend_slot_avg,16310.0,8500.0
2025-08-06,month_guest_slot_avg,16310.0,8500.0
2025-08-06,month_festival_slot_avg,15322.22222222222,8500.0
2025-08-06,month_leadtime_slot_avg,16650.0,8500.0
2025-08-06,month_weather_slot_avg,15322.22222222222,8500.0
2025-08-06,slot_type_12H Day,0.0,0.0
2025-08-06,slot_type_12H Night,0.0,0.0
2025-08-06,slot_type_24H Day,0.0,0.0
2025-08-06,slot_type_24H Night,0.0,0.0
2025-08-06,season_monsoon,0.0,0.0
2025-08-06,season_summer,0.0,0.0
2025-08-06,season_winter,0.0,0.0
2025-08-06,weather_condition_Clear,0.0,0.0
2025-08-06,month_1,0.0,0.0
2025-08-06,month_2,0.0,0.0
2025-08-06,month_3,0.0,0.0
2025-08-06,month_4,0.0,0.0
2025-08-06,month_5,0.0,0.0
2025-08-06,month_6,0.0,0.0
2025-08-06,month_7,0.0,0.0
2025-08-06,month_8,0.0,0.0
2025-08-06,month_9,0.0,0.0
2025-08-06,month_10,0.0,0.0
2025-08-06,month_11,0.0,0.0
2025-08-06,month_12,0.0,0.0
2025-08-06,day_of_week_0,0.0,0.0
2025-08-06,day_of_week_1,0.0,0.0
2025-08-06,day_of_week_2,0.0,0.0
2025-08-06,day_of_week_3,0.0,0.0
2025-08-06,day_of_week_4,0.0,0.0
2025-08-06,day_of_week_5,0.0,0.0
2025-08-06,day_of_week_6,0.0,0.0
2025-07-14,is_couple,0.0,0.0
2025-07-14,extended_stay,0.0,0.0
2025-07-14,is_weekend,0.0,0.0
2025-07-14,is_festival,0.0,0.0
2025-07-14,is_festival_eve,0.0,0.0
2025-07-14,is_long_weekend,0.0,0.0
2025-07-14,is_consecutive_holiday,0.0,0.0
2025-07-14,is_school_vacation,0.0,0.0
2025-07-14,is_local_vacation,0.0,0.0
2025-07-14,is_vacation,0.0,0.0
2025-07-14,is_peak_season,0.0,0.0
2025-07-14,is_off_season,0.0,0.0
2025-07-14,is_family,1.0,1.0
2025-07-14,is_corporate,0.0,0.0
2025-07-14,is_extended_booking,0.0,0.0
2025-07-14,is_friday_night,0.0,0.0
2025-07-14,is_saturday_day,0.0,0.0
2025-07-14,is_saturday_night,0.0,0.0
2025-07-14,is_sunday_day,0.0,0.0
2025-07-14,is_sunday_night,0.0,0.0
2025-07-14,is_holiday_bridge,0.0,0.0
2025-07-14,wedding_season,0.0,0.0
2025-07-14,is_same_day,0.0,0.0
2025-07-14,is_lead_1_3d,1.0,1.0
2025-07-14,is_lead_4_7d,0.0,0.0
2025-07-14,is_lead_8_14d,0.0,0.0
2025-07-14,is_lead_15_30d,0.0,0.0
2025-07-14,is_lead_31_60d,0.0,0.0
2025-07-14,is_lead_60d_plus,0.0,0.0
2025-07-14,person_count,3.0,3.0
2025-07-14,lead_days,2.0,2.0
2025-07-14,duration_hours,12.0,12.0
2025-07-14,effective_daily_rate,20760.0,8500.0
2025-07-14,highest_revenue_weekday,0.0,5.0
2025-07-14,highest_revenue_month,8.0,5.0
2025-07-14,weekend_premium_ratio,1.156,1.992
2025-07-14,rain_impact_ratio,0.248,0.8
2025-07-14,competitor_price,10530.0,0.0
2025-07-14,competitor_diff,2030.0,0.0
2025-07-14,days_before_festival,182.0,181.0
2025-07-14,days_after_festival,180.0,180.0
2025-07-14,slot_lag_price_1,10070.0,0.0
2025-07-14,slot_lag_price_2,12340.0,0.0
2025-07-14,rolling_price_mean_30,10919.0,0.0
2025-07-14,bookings_last_7d,4.0,0.0
2025-07-14,bookings_last_30d,6.0,0.0
2025-07-14,occupancy_rate_7d,0.5714285714285714,0.0
2025-07-14,occupancy_rate_30d,0.2,0.0
2025-07-14,booking_velocity,0.5714285714285714,0.0
2025-07-14,current_occupancy_pct,0.05,0.35
2025-07-14,remaining_inventory,114.0,10.0
2025-07-14,booking_pace,2.8570000071424997,1.0
2025-07-14,occupancy_trend,0.3714285714285714,0.0
2025-07-14,demand_index,50.070000071425,40.5
2025-07-14,month_slot_avg,10306.666666666666,8500.0
2025-07-14,month_weekend_slot_avg,10306.666666666666,8500.0
2025-07-14,month_guest_slot_avg,10050.0,8500.0
2025-07-14,month_festival_slot_avg,10306.666666666666,8500.0
2025-07-14,month_leadtime_slot_avg,10425.0,8500.0
2025-07-14,month_weather_slot_avg,10306.666666666666,8500.0
2025-07-14,slot_type_12H Day,0.0,0.0
2025-07-14,slot_type_12H Night,0.0,0.0
2025-07-14,slot_type_24H Day,0.0,0.0
2025-07-14,slot_type_24H Night,0.0,0.0
2025-07-14,season_monsoon,0.0,0.0
2025-07-14,season_summer,0.0,0.0
2025-07-14,season_winter,0.0,0.0
2025-07-14,weather_condition_Clear,0.0,0.0
2025-07-14,month_1,0.0,0.0
2025-07-14,month_2,0.0,0.0
2025-07-14,month_3,0.0,0.0
2025-07-14,month_4,0.0,0.0
2025-07-14,month_5,0.0,0.0
2025-07-14,month_6,0.0,0.0
2025-07-14,month_7,0.0,0.0
2025-07-14,month_8,0.0,0.0
2025-07-14,month_9,0.0,0.0
2025-07-14,month_10,0.0,0.0
2025-07-14,month_11,0.0,0.0
2025-07-14,month_12,0.0,0.0
2025-07-14,day_of_week_0,0.0,0.0
2025-07-14,day_of_week_1,0.0,0.0
2025-07-14,day_of_week_2,0.0,0.0
2025-07-14,day_of_week_3,0.0,0.0
2025-07-14,day_of_week_4,0.0,0.0
2025-07-14,day_of_week_5,0.0,0.0
2025-07-14,day_of_week_6,0.0,0.0
2026-04-11,is_couple,0.0,0.0
2026-04-11,extended_stay,0.0,0.0
2026-04-11,is_weekend,0.0,1.0
2026-04-11,is_festival,0.0,0.0
2026-04-11,is_festival_eve,0.0,0.0
2026-04-11,is_long_weekend,0.0,0.0
2026-04-11,is_consecutive_holiday,0.0,0.0
2026-04-11,is_school_vacation,0.0,0.0
2026-04-11,is_local_vacation,0.0,0.0
2026-04-11,is_vacation,0.0,0.0
2026-04-11,is_peak_season,1.0,1.0
2026-04-11,is_off_season,0.0,0.0
2026-04-11,is_family,1.0,1.0
2026-04-11,is_corporate,0.0,0.0
2026-04-11,is_extended_booking,0.0,0.0
2026-04-11,is_friday_night,0.0,0.0
2026-04-11,is_saturday_day,1.0,1.0
2026-04-11,is_saturday_night,0.0,0.0
2026-04-11,is_sunday_day,0.0,0.0
2026-04-11,is_sunday_night,0.0,0.0
2026-04-11,is_holiday_bridge,0.0,0.0
2026-04-11,wedding_season,0.0,0.0
2026-04-11,is_same_day,0.0,0.0
2026-04-11,is_lead_1_3d,0.0,0.0
2026-04-11,is_lead_4_7d,0.0,0.0
2026-04-11,is_lead_8_14d,0.0,0.0
2026-04-11,is_lead_15_30d,1.0,1.0
2026-04-11,is_lead_31_60d,0.0,0.0
2026-04-11,is_lead_60d_plus,0.0,0.0
2026-04-11,person_count,4.0,4.0
2026-04-11,lead_days,15.0,15.0
2026-04-11,duration_hours,12.0,12.0
2026-04-11,effective_daily_rate,14860.0,8500.0
2026-04-11,demand_score,60.0,100.0
2026-04-11,highest_revenue_weekday,0.0,5.0
2026-04-11,highest_revenue_month,8.0,5.0
2026-04-11,weekend_premium_ratio,1.156,1.992
2026-04-11,rain_impact_ratio,0.248,0.8
2026-04-11,competitor_price,7210.0,0.0
2026-04-11,competitor_diff,-1290.0,0.0
2026-04-11,days_before_festival,365.0,365.0
2026-04-11,days_after_festival,85.0,85.0
2026-04-11,slot_lag_price_1,8770.0,0.0
2026-04-11,slot_lag_price_2,6850.0,0.0
2026-04-11,days_since_last_booking,2.0,0.0
2026-04-11,rolling_price_mean_30,8416.0,0.0
2026-04-11,bookings_last_7d,2.0,0.0
2026-04-11,bookings_last_30d,4.0,0.0
2026-04-11,occupancy_rate_7d,0.2857142857142857,0.0
2026-04-11,occupancy_rate_30d,0.13333333333333333,0.0
2026-04-11,booking_velocity,0.2857142857142857,0.0
2026-04-11,current_occupancy_pct,0.016666666666666666,0.35
2026-04-11,remaining_inventory,118.0,10.0
2026-04-11,booking_pace,2.142696440624096,1.0
2026-04-11,occupancy_trend,0.15238095238095237,0.0
2026-04-11,demand_index,41.926964406240955,60.5
2026-04-11,month_slot_avg,8383.333333333334,8500.0
2026-04-11,month_weekend_slot_avg,8383.333333333334,8500.0
2026-04-11,month_guest_slot_avg,8383.333333333334,8500.0
2026-04-11,month_festival_slot_avg,8383.333333333334,8500.0
2026-04-11,month_leadtime_slot_avg,8383.333333333334,8500.0
2026-04-11,month_weather_slot_avg,8383.333333333334,8500.0
2026-04-11,slot_type_12H Day,0.0,0.0
2026-04-11,slot_type_12H Night,0.0,0.0
2026-04-11,slot_type_24H Day,0.0,0.0
2026-04-11,slot_type_24H Night,0.0,0.0
2026-04-11,season_monsoon,0.0,0.0
2026-04-11,season_summer,0.0,0.0
2026-04-11,season_winter,0.0,0.0
2026-04-11,weather_condition_Clear,0.0,0.0
2026-04-11,month_1,0.0,0.0
2026-04-11,month_2,0.0,0.0
2026-04-11,month_3,0.0,0.0
2026-04-11,month_4,0.0,0.0
2026-04-11,month_5,0.0,0.0
2026-04-11,month_6,0.0,0.0
2026-04-11,month_7,0.0,0.0
2026-04-11,month_8,0.0,0.0
2026-04-11,month_9,0.0,0.0
2026-04-11,month_10,0.0,0.0
2026-04-11,month_11,0.0,0.0
2026-04-11,month_12,0.0,0.0
2026-04-11,day_of_week_0,0.0,0.0
2026-04-11,day_of_week_1,0.0,0.0
2026-04-11,day_of_week_2,0.0,0.0
2026-04-11,day_of_week_3,0.0,0.0
2026-04-11,day_of_week_4,0.0,0.0
2026-04-11,day_of_week_5,0.0,0.0
2026-04-11,day_of_week_6,0.0,0.0
2026-02-18,is_couple,0.0,0.0
2026-02-18,extended_stay,0.0,0.0
2026-02-18,is_weekend,0.0,0.0
2026-02-18,is_festival,0.0,0.0
2026-02-18,is_festival_eve,0.0,0.0
2026-02-18,is_long_weekend,0.0,0.0
2026-02-18,is_consecutive_holiday,0.0,0.0
2026-02-18,is_school_vacation,0.0,0.0
2026-02-18,is_local_vacation,0.0,0.0
2026-02-18,is_vacation,0.0,0.0
2026-02-18,is_peak_season,0.0,0.0
2026-02-18,is_off_season,1.0,1.0
2026-02-18,is_family,1.0,1.0
2026-02-18,is_corporate,0.0,0.0
2026-02-18,is_extended_booking,0.0,0.0
2026-02-18,is_friday_night,0.0,0.0
2026-02-18,is_saturday_day,0.0,0.0
2026-02-18,is_saturday_night,0.0,0.0
2026-02-18,is_sunday_day,0.0,0.0
2026-02-18,is_sunday_night,0.0,0.0
2026-02-18,is_holiday_bridge,0.0,0.0
2026-02-18,wedding_season,1.0,1.0
2026-02-18,is_same_day,1.0,1.0
2026-02-18,is_lead_1_3d,0.0,0.0
2026-02-18,is_lead_4_7d,0.0,0.0
2026-02-18,is_lead_8_14d,0.0,0.0
2026-02-18,is_lead_15_30d,0.0,0.0
2026-02-18,is_lead_31_60d,0.0,0.0
2026-02-18,is_lead_60d_plus,0.0,0.0
2026-02-18,person_count,9.0,9.0
2026-02-18,lead_days,0.0,0.0
2026-02-18,duration_hours,24.0,24.0
2026-02-18,effective_daily_rate,15380.0,8500.0
2026-02-18,highest_revenue_weekday,0.0,5.0
2026-02-18,highest_revenue_month,8.0,5.0
2026-02-18,weekend_premium_ratio,1.156,1.992
2026-02-18,rain_impact_ratio,0.248,0.8
2026-02-18,competitor_price,15710.0,0.0
2026-02-18,competitor_diff,7210.0,0.0
2026-02-18,days_before_festival,365.0,365.0
2026-02-18,days_after_festival,33.0,33.0
2026-02-18,slot_lag_price_1,14780.0,0.0
2026-02-18,slot_lag_price_2,19670.0,0.0
2026-02-18,days_since_last_booking,1.0,0.0
2026-02-18,rolling_price_mean_30,16079.0,0.0
2026-02-18,bookings_last_7d,3.0,0.0
2026-02-18,bookings_last_30d,6.0,0.0
2026-02-18,occupancy_rate_7d,0.42857142857142855,0.0
2026-02-18,occupancy_rate_30d,0.2,0.0
2026-02-18,booking_velocity,0.42857142857142855,0.0
2026-02-18,current_occupancy_pct,0.075,0.35
2026-02-18,remaining_inventory,111.0,10.0
2026-02-18,booking_pace,2.142750005356875,1.0
2026-02-18,occupancy_trend,0.22857142857142854,0.0
2026-02-18,demand_index,53.67750005356875,50.5
2026-02-18,month_slot_avg,13700.0,8500.0
2026-02-18,month_weekend_slot_avg,13700.0,8500.0
2026-02-18,month_guest_slot_avg,13700.0,8500.0
2026-02-18,month_festival_slot_avg,13700.0,8500.0
2026-02-18,month_leadtime_slot_avg,13700.0,8500.0
2026-02-18,month_weather_slot_avg,13700.0,8500.0
2026-02-18,slot_type_12H Day,0.0,0.0
2026-02-18,slot_type_12H Night,0.0,0.0
2026-02-18,slot_type_24H Day,0.0,0.0
2026-02-18,slot_type_24H Night,0.0,0.0
2026-02-18,season_monsoon,0.0,0.0
2026-02-18,season_summer,0.0,0.0
2026-02-18,season_winter,0.0,0.0
2026-02-18,weather_condition_Clear,0.0,0.0
2026-02-18,month_1,0.0,0.0
2026-02-18,month_2,0.0,0.0
2026-02-18,month_3,0.0,0.0
2026-02-18,month_4,0.0,0.0
2026-02-18,month_5,0.0,0.0
2026-02-18,month_6,0.0,0.0
2026-02-18,month_7,0.0,0.0
2026-02-18,month_8,0.0,0.0
2026-02-18,month_9,0.0,0.0
2026-02-18,month_10,0.0,0.0
2026-02-18,month_11,0.0,0.0
2026-02-18,month_12,0.0,0.0
2026-02-18,day_of_week_0,0.0,0.0
2026-02-18,day_of_week_1,0.0,0.0
2026-02-18,day_of_week_2,0.0,0.0
2026-02-18,day_of_week_3,0.0,0.0
2026-02-18,day_of_week_4,0.0,0.0
2026-02-18,day_of_week_5,0.0,0.0
2026-02-18,day_of_week_6,0.0,0.0
2025-08-27,is_couple,0.0,0.0
2025-08-27,extended_stay,0.0,0.0
2025-08-27,is_weekend,0.0,0.0
2025-08-27,is_festival,0.0,0.0
2025-08-27,is_festival_eve,0.0,0.0
2025-08-27,is_long_weekend,0.0,0.0
2025-08-27,is_consecutive_holiday,0.0,0.0
2025-08-27,is_school_vacation,0.0,0.0
2025-08-27,is_local_vacation,0.0,0.0
2025-08-27,is_vacation,0.0,0.0
2025-08-27,is_peak_season,0.0,0.0
2025-08-27,is_off_season,0.0,0.0
2025-08-27,is_family,1.0,1.0
2025-08-27,is_corporate,0.0,0.0
2025-08-27,is_extended_booking,0.0,0.0
2025-08-27,is_friday_night,0.0,0.0
2025-08-27,is_saturday_day,0.0,0.0
2025-08-27,is_saturday_night,0.0,0.0
2025-08-27,is_sunday_day,0.0,0.0
2025-08-27,is_sunday_night,0.0,0.0
2025-08-27,is_holiday_bridge,0.0,0.0
2025-08-27,wedding_season,0.0,0.0
2025-08-27,is_same_day,0.0,0.0
2025-08-27,is_lead_1_3d,1.0,1.0
2025-08-27,is_lead_4_7d,0.0,0.0
2025-08-27,is_lead_8_14d,0.0,0.0
2025-08-27,is_lead_15_30d,0.0,0.0
2025-08-27,is_lead_31_60d,0.0,0.0
2025-08-27,is_lead_60d_plus,0.0,0.0
2025-08-27,person_count,11.0,11.0
2025-08-27,lead_days,1.0,1.0
2025-08-27,duration_hours,12.0,12.0
2025-08-27,effective_daily_rate,18240.0,8500.0
2025-08-27,highest_revenue_weekday,0.0,5.0
2025-08-27,highest_revenue_month,8.0,5.0
2025-08-27,weekend_premium_ratio,1.156,1.992
2025-08-27,rain_impact_ratio,0.248,0.8
2025-08-27,competitor_price,9380.0,0.0
2025-08-27,competitor_diff,880.0,0.0
2025-08-27,days_before_festival,138.0,138.0
2025-08-27,days_after_festival,223.0,223.0
2025-08-27,slot_lag_price_1,7760.0,0.0
2025-08-27,slot_lag_price_2,7630.0,0.0
2025-08-27,rolling_price_mean_30,8486.0,0.0
2025-08-27,bookings_last_7d,3.0,0.0
2025-08-27,bookings_last_30d,7.0,0.0
2025-08-27,occupancy_rate_7d,0.42857142857142855,0.0
2025-08-27,occupancy_rate_30d,0.23333333333333334,0.0
2025-08-27,booking_velocity,0.42857142857142855,0.0
2025-08-27,current_occupancy_pct,0.075,0.35
2025-08-27,remaining_inventory,111.0,10.0
2025-08-27,booking_pace,1.8366559800498343,1.0
2025-08-27,occupancy_trend,0.1952380952380952,0.0
2025-08-27,demand_index,40.616559800498344,40.5
2025-08-27,month_slot_avg,8762.5,8500.0
2025-08-27,month_weekend_slot_avg,7763.333333333333,8500.0
2025-08-27,month_guest_slot_avg,8000.0,8500.0
2025-08-27,month_festival_slot_avg,8762.5,8500.0
2025-08-27,month_leadtime_slot_avg,11760.0,8500.0
2025-08-27,month_weather_slot_avg,8762.5,8500.0
2025-08-27,slot_type_12H Day,0.0,0.0
2025-08-27,slot_type_12H Night,0.0,0.0
2025-08-27,slot_type_24H Day,0.0,0.0
2025-08-27,slot_type_24H Night,0.0,0.0
2025-08-27,season_monsoon,0.0,0.0
2025-08-27,season_summer,0.0,0.0
2025-08-27,season_winter,0.0,0.0
2025-08-27,weather_condition_Clear,0.0,0.0
2025-08-27,month_1,0.0,0.0
2025-08-27,month_2,0.0,0.0
2025-08-27,month_3,0.0,0.0
2025-08-27,month_4,0.0,0.0
2025-08-27,month_5,0.0,0.0
2025-08-27,month_6,0.0,0.0
2025-08-27,month_7,0.0,0.0
2025-08-27,month_8,0.0,0.0
2025-08-27,month_9,0.0,0.0
2025-08-27,month_10,0.0,0.0
2025-08-27,month_11,0.0,0.0
2025-08-27,month_12,0.0,0.0
2025-08-27,day_of_week_0,0.0,0.0
2025-08-27,day_of_week_1,0.0,0.0
2025-08-27,day_of_week_2,0.0,0.0
2025-08-27,day_of_week_3,0.0,0.0
2025-08-27,day_of_week_4,0.0,0.0
2025-08-27,day_of_week_5,0.0,0.0
2025-08-27,day_of_week_6,0.0,0.0
2025-11-02,is_couple,0.0,0.0
2025-11-02,extended_stay,0.0,0.0
2025-11-02,is_weekend,1.0,1.0
2025-11-02,is_festival,0.0,0.0
2025-11-02,is_festival_eve,0.0,0.0
2025-11-02,is_long_weekend,0.0,0.0
2025-11-02,is_consecutive_holiday,0.0,0.0
2025-11-02,is_school_vacation,0.0,0.0
2025-11-02,is_local_vacation,0.0,0.0
2025-11-02,is_vacation,0.0,0.0
2025-11-02,is_peak_season,1.0,1.0
2025-11-02,is_off_season,0.0,0.0
2025-11-02,is_family,1.0,1.0
2025-11-02,is_corporate,0.0,0.0
2025-11-02,is_extended_booking,0.0,0.0
2025-11-02,is_friday_night,0.0,0.0
2025-11-02,is_saturday_day,0.0,0.0
2025-11-02,is_saturday_night,0.0,0.0
2025-11-02,is_sunday_day,1.0,1.0
2025-11-02,is_sunday_night,0.0,0.0
2025-11-02,is_holiday_bridge,0.0,0.0
2025-11-02,wedding_season,1.0,1.0
2025-11-02,is_same_day,0.0,0.0
2025-11-02,is_lead_1_3d,0.0,0.0
2025-11-02,is_lead_4_7d,0.0,0.0
2025-11-02,is_lead_8_14d,1.0,1.0
2025-11-02,is_lead_15_30d,0.0,0.0
2025-11-02,is_lead_31_60d,0.0,0.0
2025-11-02,is_lead_60d_plus,0.0,0.0
2025-11-02,person_count,10.0,10.0
2025-11-02,lead_days,12.0,12.0
2025-11-02,duration_hours,12.0,12.0
2025-11-02,effective_daily_rate,19180.0,8500.0
2025-11-02,demand_score,61.672599999999996,100.0
2025-11-02,highest_revenue_weekday,0.0,5.0
2025-11-02,highest_revenue_month,8.0,5.0
2025-11-02,weekend_premium_ratio,1.156,1.992
2025-11-02,rain_impact_ratio,0.248,0.8
2025-11-02,competitor_price,9670.0,0.0
2025-11-02,competitor_diff,1170.0,0.0
2025-11-02,days_before_festival,71.0,71.0
2025-11-02,days_after_festival,290.0,290.0
2025-11-02,slot_lag_price_1,10730.0,0.0
2025-11-02,slot_lag_price_2,9330.0,0.0
2025-11-02,days_since_last_booking,19.0,0.0
2025-11-02,rolling_price_mean_30,9027.0,0.0
2025-11-02,bookings_last_7d,1.0,0.0
2025-11-02,bookings_last_30d,3.0,0.0
2025-11-02,occupancy_rate_7d,0.14285714285714285,0.0
2025-11-02,occupancy_rate_30d,0.1,0.0
2025-11-02,booking_velocity,0.14285714285714285,0.0
2025-11-02,current_occupancy_pct,0.058333333333333334,0.35
2025-11-02,remaining_inventory,113.0,10.0
2025-11-02,booking_pace,1.4284285857128571,1.0
2025-11-02,occupancy_trend,0.042857142857142844,0.0
2025-11-02,demand_index,66.03428585712857,70.5
2025-11-02,month_slot_avg,7315.0,8500.0
2025-11-02,month_weekend_slot_avg,7315.0,8500.0
2025-11-02,month_guest_slot_avg,7900.0,8500.0
2025-11-02,month_festival_slot_avg,7315.0,8500.0
2025-11-02,month_leadtime_slot_avg,7750.0,8500.0
2025-11-02,month_weather_slot_avg,7315.0,8500.0
2025-11-02,slot_type_12H Day,0.0,0.0
2025-11-02,slot_type_12H Night,0.0,0.0
2025-11-02,slot_type_24H Day,0.0,0.0
2025-11-02,slot_type_24H Night,0.0,0.0
2025-11-02,season_monsoon,0.0,0.0
2025-11-02,season_summer,0.0,0.0
2025-11-02,season_winter,0.0,0.0
2025-11-02,weather_condition_Clear,0.0,0.0
2025-11-02,month_1,0.0,0.0
2025-11-02,month_2,0.0,0.0
2025-11-02,month_3,0.0,0.0
2025-11-02,month_4,0.0,0.0
2025-11-02,month_5,0.0,0.0
2025-11-02,month_6,0.0,0.0
2025-11-02,month_7,0.0,0.0
2025-11-02,month_8,0.0,0.0
2025-11-02,month_9,0.0,0.0
2025-11-02,month_10,0.0,0.0
2025-11-02,month_11,0.0,0.0
2025-11-02,month_12,0.0,0.0
2025-11-02,day_of_week_0,0.0,0.0
2025-11-02,day_of_week_1,0.0,0.0
2025-11-02,day_of_week_2,0.0,0.0
2025-11-02,day_of_week_3,0.0,0.0
2025-11-02,day_of_week_4,0.0,0.0
2025-11-02,day_of_week_5,0.0,0.0
2025-11-02,day_of_week_6,0.0,0.0
2025-03-23,is_couple,0.0,0.0
2025-03-23,extended_stay,0.0,0.0
2025-03-23,is_weekend,0.0,1.0
2025-03-23,is_festival,0.0,0.0
2025-03-23,is_festival_eve,0.0,0.0
2025-03-23,is_long_weekend,0.0,0.0
2025-03-23,is_consecutive_holiday,0.0,0.0
2025-03-23,is_school_vacation,0.0,0.0
2025-03-23,is_local_vacation,0.0,0.0
2025-03-23,is_vacation,0.0,0.0
2025-03-23,is_peak_season,1.0,1.0
2025-03-23,is_off_season,0.0,0.0
2025-03-23,is_family,1.0,1.0
2025-03-23,is_corporate,0.0,0.0
2025-03-23,is_extended_booking,0.0,0.0
2025-03-23,is_friday_night,0.0,0.0
2025-03-23,is_saturday_day,0.0,0.0
2025-03-23,is_saturday_night,0.0,0.0
2025-03-23,is_sunday_day,0.0,0.0
2025-03-23,is_sunday_night,1.0,1.0
2025-03-23,is_holiday_bridge,0.0,0.0
2025-03-23,wedding_season,0.0,0.0
2025-03-23,is_same_day,0.0,0.0
2025-03-23,is_lead_1_3d,0.0,0.0
2025-03-23,is_lead_4_7d,0.0,0.0
2025-03-23,is_lead_8_14d,1.0,1.0
2025-03-23,is_lead_15_30d,0.0,0.0
2025-03-23,is_lead_31_60d,0.0,0.0
2025-03-23,is_lead_60d_plus,0.0,0.0
2025-03-23,person_count,4.0,4.0
2025-03-23,lead_days,8.0,8.0
2025-03-23,duration_hours,24.0,24.0
2025-03-23,effective_daily_rate,15650.0,8500.0
2025-03-23,demand_score,60.0,100.0
2025-03-23,highest_revenue_weekday,0.0,5.0
2025-03-23,highest_revenue_month,8.0,5.0
2025-03-23,weekend_premium_ratio,1.156,1.992
2025-03-23,rain_impact_ratio,0.248,0.8
2025-03-23,competitor_price,16260.0,0.0
2025-03-23,competitor_diff,7760.0,0.0
2025-03-23,days_before_festival,294.0,294.0
2025-03-23,days_after_festival,67.0,67.0
2025-03-23,slot_lag_price_1,12920.0,0.0
2025-03-23,slot_lag_price_2,16350.0,0.0
2025-03-23,rolling_price_mean_30,15662.666666666668,0.0
2025-03-23,bookings_last_7d,2.0,0.0
2025-03-23,bookings_last_30d,8.0,0.0
2025-03-23,occupancy_rate_7d,0.2857142857142857,0.0
2025-03-23,occupancy_rate_30d,0.26666666666666666,0.0
2025-03-23,booking_velocity,0.2857142857142857,0.0
2025-03-23,current_occupancy_pct,0.041666666666666664,0.35
2025-03-23,remaining_inventory,115.0,10.0
2025-03-23,booking_pace,1.0713883943637827,1.0
2025-03-23,occupancy_trend,0.019047619047619035,0.0
2025-03-23,demand_index,31.96388394363783,60.5
2025-03-23,month_slot_avg,14213.333333333332,8500.0
2025-03-23,month_weekend_slot_avg,12920.0,8500.0
2025-03-23,month_guest_slot_avg,14213.333333333332,8500.0
2025-03-23,month_festival_slot_avg,14213.333333333332,8500.0
2025-03-23,month_leadtime_slot_avg,12920.0,8500.0
2025-03-23,month_weather_slot_avg,14213.333333333332,8500.0
2025-03-23,slot_type_12H Day,0.0,0.0
2025-03-23,slot_type_12H Night,0.0,0.0
2025-03-23,slot_type_24H Day,0.0,0.0
2025-03-23,slot_type_24H Night,0.0,0.0
2025-03-23,season_monsoon,0.0,0.0
2025-03-23,season_summer,0.0,0.0
2025-03-23,season_winter,0.0,0.0
2025-03-23,weather_condition_Clear,0.0,0.0
2025-03-23,month_1,0.0,0.0
2025-03-23,month_2,0.0,0.0
2025-03-23,month_3,0.0,0.0
2025-03-23,month_4,0.0,0.0
2025-03-23,month_5,0.0,0.0
2025-03-23,month_6,0.0,0.0
2025-03-23,month_7,0.0,0.0
2025-03-23,month_8,0.0,0.0
2025-03-23,month_9,0.0,0.0
2025-03-23,month_10,0.0,0.0
2025-03-23,month_11,0.0,0.0
2025-03-23,month_12,0.0,0.0
2025-03-23,day_of_week_0,0.0,0.0
2025-03-23,day_of_week_1,0.0,0.0
2025-03-23,day_of_week_2,0.0,0.0
2025-03-23,day_of_week_3,0.0,0.0
2025-03-23,day_of_week_4,0.0,0.0
2025-03-23,day_of_week_5,0.0,0.0
2025-03-23,day_of_week_6,0.0,0.0
2025-09-01,is_couple,0.0,0.0
2025-09-01,extended_stay,0.0,0.0
2025-09-01,is_weekend,0.0,0.0
2025-09-01,is_festival,0.0,0.0
2025-09-01,is_festival_eve,0.0,0.0
2025-09-01,is_long_weekend,0.0,0.0
2025-09-01,is_consecutive_holiday,0.0,0.0
2025-09-01,is_school_vacation,0.0,0.0
2025-09-01,is_local_vacation,0.0,0.0
2025-09-01,is_vacation,0.0,0.0
2025-09-01,is_peak_season,0.0,0.0
2025-09-01,is_off_season,0.0,0.0
2025-09-01,is_family,0.0,0.0
2025-09-01,is_corporate,1.0,1.0
2025-09-01,is_extended_booking,0.0,0.0
2025-09-01,is_friday_night,0.0,0.0
2025-09-01,is_saturday_day,0.0,0.0
2025-09-01,is_saturday_night,0.0,0.0
2025-09-01,is_sunday_day,0.0,0.0
2025-09-01,is_sunday_night,0.0,0.0
2025-09-01,is_holiday_bridge,0.0,0.0
2025-09-01,wedding_season,0.0,0.0
2025-09-01,is_same_day,0.0,0.0
2025-09-01,is_lead_1_3d,0.0,0.0
2025-09-01,is_lead_4_7d,1.0,1.0
2025-09-01,is_lead_8_14d,0.0,0.0
2025-09-01,is_lead_15_30d,0.0,0.0
2025-09-01,is_lead_31_60d,0.0,0.0
2025-09-01,is_lead_60d_plus,0.0,0.0
2025-09-01,person_count,15.0,15.0
2025-09-01,lead_days,5.0,5.0
2025-09-01,duration_hours,12.0,12.0
2025-09-01,effective_daily_rate,18800.0,8500.0
2025-09-01,highest_revenue_weekday,0.0,5.0
2025-09-01,highest_revenue_month,8.0,5.0
2025-09-01,weekend_premium_ratio,1.156,1.992
2025-09-01,rain_impact_ratio,0.248,0.8
2025-09-01,competitor_price,10070.0,0.0
2025-09-01,competitor_diff,1570.0,0.0
2025-09-01,days_before_festival,133.0,132.0
2025-09-01,days_after_festival,229.0,229.0
2025-09-01,slot_lag_price_1,10470.0,0.0
2025-09-01,slot_lag_price_2,11160.0,0.0
2025-09-01,days_since_last_booking,1.0,0.0
2025-09-01,rolling_price_mean_30,11157.0,0.0
2025-09-01,bookings_last_7d,5.0,0.0
2025-09-01,bookings_last_30d,10.0,0.0
2025-09-01,occupancy_rate_7d,0.7142857142857143,0.0
2025-09-01,occupancy_rate_30d,0.3333333333333333,0.0
2025-09-01,booking_velocity,0.7142857142857143,0.0
2025-09-01,current_occupancy_pct,0.058333333333333334,0.35
2025-09-01,remaining_inventory,113.0,10.0
2025-09-01,booking_pace,2.142792859071371,1.0
2025-09-01,occupancy_trend,0.380952380952381,0.0
2025-09-01,demand_index,43.177928590713705,40.5
2025-09-01,month_slot_avg,11320.0,8500.0
2025-09-01,month_weekend_slot_avg,10220.0,8500.0
2025-09-01,month_guest_slot_avg,11320.0,8500.0
2025-09-01,month_festival_slot_avg,11320.0,8500.0
2025-09-01,month_leadtime_slot_avg,11870.0,8500.0
2025-09-01,month_weather_slot_avg,11320.0,8500.0
2025-09-01,slot_type_12H Day,0.0,0.0
2025-09-01,slot_type_12H Night,0.0,0.0
2025-09-01,slot_type_24H Day,0.0,0.0
2025-09-01,slot_type_24H Night,0.0,0.0
2025-09-01,season_monsoon,0.0,0.0
2025-09-01,season_summer,0.0,0.0
2025-09-01,season_winter,0.0,0.0
2025-09-01,weather_condition_Clear,0.0,0.0
2025-09-01,month_1,0.0,0.0
2025-09-01,month_2,0.0,0.0
2025-09-01,month_3,0.0,0.0
2025-09-01,month_4,0.0,0.0
2025-09-01,month_5,0.0,0.0
2025-09-01,month_6,0.0,0.0
2025-09-01,month_7,0.0,0.0
2025-09-01,month_8,0.0,0.0
2025-09-01,month_9,0.0,0.0
2025-09-01,month_10,0.0,0.0
2025-09-01,month_11,0.0,0.0
2025-09-01,month_12,0.0,0.0
2025-09-01,day_of_week_0,0.0,0.0
2025-09-01,day_of_week_1,0.0,0.0
2025-09-01,day_of_week_2,0.0,0.0
2025-09-01,day_of_week_3,0.0,0.0
2025-09-01,day_of_week_4,0.0,0.0
2025-09-01,day_of_week_5,0.0,0.0
2025-09-01,day_of_week_6,0.0,0.0
2025-08-12,is_couple,0.0,0.0
2025-08-12,extended_stay,0.0,0.0
2025-08-12,is_weekend,0.0,0.0
2025-08-12,is_festival,0.0,0.0
2025-08-12,is_festival_eve,0.0,0.0
2025-08-12,is_long_weekend,0.0,0.0
2025-08-12,is_consecutive_holiday,0.0,0.0
2025-08-12,is_school_vacation,0.0,0.0
2025-08-12,is_local_vacation,0.0,0.0
2025-08-12,is_vacation,0.0,0.0
2025-08-12,is_peak_season,0.0,0.0
2025-08-12,is_off_season,0.0,0.0
2025-08-12,is_family,1.0,1.0
2025-08-12,is_corporate,0.0,0.0
2025-08-12,is_extended_booking,0.0,0.0
2025-08-12,is_friday_night,0.0,0.0
2025-08-12,is_saturday_day,0.0,0.0
2025-08-12,is_saturday_night,0.0,0.0
2025-08-12,is_sunday_day,0.0,0.0
2025-08-12,is_sunday_night,0.0,0.0
2025-08-12,is_holiday_bridge,0.0,0.0
2025-08-12,wedding_season,0.0,0.0
2025-08-12,is_same_day,0.0,0.0
2025-08-12,is_lead_1_3d,0.0,0.0
2025-08-12,is_lead_4_7d,0.0,0.0
2025-08-12,is_lead_8_14d,0.0,0.0
2025-08-12,is_lead_15_30d,1.0,1.0
2025-08-12,is_lead_31_60d,0.0,0.0
2025-08-12,is_lead_60d_plus,0.0,0.0
2025-08-12,person_count,12.0,12.0
2025-08-12,lead_days,17.0,17.0
2025-08-12,duration_hours,24.0,24.0
2025-08-12,effective_daily_rate,14210.0,8500.0
2025-08-12,highest_revenue_weekday,0.0,5.0
2025-08-12,highest_revenue_month,8.0,5.0
2025-08-12,weekend_premium_ratio,1.156,1.992
2025-08-12,rain_impact_ratio,0.248,0.8
2025-08-12,competitor_price,14080.0,0.0
2025-08-12,competitor_diff,5580.0,0.0
2025-08-12,days_before_festival,153.0,153.0
2025-08-12,days_after_festival,208.0,208.0
2025-08-12,slot_lag_price_1,16070.0,0.0
2025-08-12,slot_lag_price_2,14780.0,0.0
2025-08-12,days_since_last_booking,6.0,0.0
2025-08-12,rolling_price_mean_30,15394.0,0.0
2025-08-12,bookings_last_7d,2.0,0.0
2025-08-12,bookings_last_30d,5.0,0.0
2025-08-12,occupancy_rate_7d,0.2857142857142857,0.0
2025-08-12,occupancy_rate_30d,0.16666666666666666,0.0
2025-08-12,booking_velocity,0.2857142857142857,0.0
2025-08-12,current_occupancy_pct,0.075,0.35
2025-08-12,remaining_inventory,111.0,10.0
2025-08-12,booking_pace,1.7141828633139153,1.0
2025-08-12,occupancy_trend,0.11904761904761904,0.0
2025-08-12,demand_index,39.391828633139156,40.5
2025-08-12,month_slot_avg,15840.0,8500.0
2025-08-12,month_weekend_slot_avg,15840.0,8500.0
2025-08-12,month_guest_slot_avg,16050.0,8500.0
2025-08-12,month_festival_slot_avg,15840.0,8500.0
2025-08-12,month_leadtime_slot_avg,15840.0,8500.0
2025-08-12,month_weather_slot_avg,15840.0,8500.0
2025-08-12,slot_type_12H Day,0.0,0.0
2025-08-12,slot_type_12H Night,0.0,0.0
2025-08-12,slot_type_24H Day,0.0,0.0
2025-08-12,slot_type_24H Night,0.0,0.0
2025-08-12,season_monsoon,0.0,0.0
2025-08-12,season_summer,0.0,0.0
2025-08-12,season_winter,0.0,0.0
2025-08-12,weather_condition_Clear,0.0,0.0
2025-08-12,month_1,0.0,0.0
2025-08-12,month_2,0.0,0.0
2025-08-12,month_3,0.0,0.0
2025-08-12,month_4,0.0,0.0
2025-08-12,month_5,0.0,0.0
2025-08-12,month_6,0.0,0.0
2025-08-12,month_7,0.0,0.0
2025-08-12,month_8,0.0,0.0
2025-08-12,month_9,0.0,0.0
2025-08-12,month_10,0.0,0.0
2025-08-12,month_11,0.0,0.0
2025-08-12,month_12,0.0,0.0
2025-08-12,day_of_week_0,0.0,0.0
2025-08-12,day_of_week_1,0.0,0.0
2025-08-12,day_of_week_2,0.0,0.0
2025-08-12,day_of_week_3,0.0,0.0
2025-08-12,day_of_week_4,0.0,0.0
2025-08-12,day_of_week_5,0.0,0.0
2025-08-12,day_of_week_6,0.0,0.0
2025-01-08,is_couple,0.0,0.0
2025-01-08,extended_stay,0.0,0.0
2025-01-08,is_weekend,0.0,0.0
2025-01-08,is_festival,0.0,0.0
2025-01-08,is_festival_eve,0.0,0.0
2025-01-08,is_long_weekend,0.0,0.0
2025-01-08,is_consecutive_holiday,0.0,0.0
2025-01-08,is_school_vacation,0.0,0.0
2025-01-08,is_local_vacation,1.0,1.0
2025-01-08,is_vacation,1.0,1.0
2025-01-08,is_peak_season,1.0,1.0
2025-01-08,is_off_season,1.0,1.0
2025-01-08,is_family,0.0,0.0
2025-01-08,is_corporate,1.0,1.0
2025-01-08,is_extended_booking,0.0,0.0
2025-01-08,is_friday_night,0.0,0.0
2025-01-08,is_saturday_day,0.0,0.0
2025-01-08,is_saturday_night,0.0,0.0
2025-01-08,is_sunday_day,0.0,0.0
2025-01-08,is_sunday_night,0.0,0.0
2025-01-08,is_holiday_bridge,0.0,0.0
2025-01-08,wedding_season,1.0,1.0
2025-01-08,is_same_day,0.0,0.0
2025-01-08,is_lead_1_3d,0.0,0.0
2025-01-08,is_lead_4_7d,0.0,0.0
2025-01-08,is_lead_8_14d,0.0,0.0
2025-01-08,is_lead_15_30d,1.0,1.0
2025-01-08,is_lead_31_60d,0.0,0.0
2025-01-08,is_lead_60d_plus,0.0,0.0
2025-01-08,person_count,18.0,18.0
2025-01-08,lead_days,15.0,15.0
2025-01-08,duration_hours,12.0,12.0
2025-01-08,effective_daily_rate,17860.0,8500.0
2025-01-08,highest_revenue_weekday,0.0,5.0
2025-01-08,highest_revenue_month,8.0,5.0
2025-01-08,weekend_premium_ratio,1.156,1.992
2025-01-08,rain_impact_ratio,0.248,0.8
2025-01-08,competitor_price,8920.0,0.0
2025-01-08,competitor_diff,420.0,0.0
2025-01-08,days_before_festival,4.0,4.0
2025-01-08,days_after_festival,65.0,65.0
2025-01-08,slot_lag_price_1,10740.0,0.0
2025-01-08,slot_lag_price_2,7590.0,0.0
2025-01-08,days_since_last_booking,18.0,0.0
2025-01-08,rolling_price_mean_30,8469.0,0.0
2025-01-08,bookings_last_7d,1.0,0.0
2025-01-08,bookings_last_30d,6.0,0.0
2025-01-08,occupancy_rate_7d,0.14285714285714285,0.0
2025-01-08,occupancy_rate_30d,0.2,0.0
2025-01-08,booking_velocity,0.14285714285714285,0.0
2025-01-08,current_occupancy_pct,0.025,0.35
2025-01-08,remaining_inventory,117.0,10.0
2025-01-08,booking_pace,0.7142500017856249,1.0
2025-01-08,occupancy_trend,-0.05714285714285716,0.0
2025-01-08,demand_index,37.89250001785625,50.5
2025-01-08,month_slot_avg,8637.777777777777,8500.0
2025-01-08,month_weekend_slot_avg,8637.777777777777,8500.0
2025-01-08,month_guest_slot_avg,8637.777777777777,8500.0
2025-01-08,month_festival_slot_avg,8637.777777777777,8500.0
2025-01-08,month_leadtime_slot_avg,8637.777777777777,8500.0
2025-01-08,month_weather_slot_avg,8637.777777777777,8500.0
2025-01-08,slot_type_12H Day,0.0,0.0
2025-01-08,slot_type_12H Night,0.0,0.0
2025-01-08,slot_type_24H Day,0.0,0.0
2025-01-08,slot_type_24H Night,0.0,0.0
2025-01-08,season_monsoon,0.0,0.0
2025-01-08,season_summer,0.0,0.0
2025-01-08,season_winter,0.0,0.0
2025-01-08,weather_condition_Clear,0.0,0.0
2025-01-08,month_1,0.0,0.0
2025-01-08,month_2,0.0,0.0
2025-01-08,month_3,0.0,0.0
2025-01-08,month_4,0.0,0.0
2025-01-08,month_5,0.0,0.0
2025-01-08,month_6,0.0,0.0
2025-01-08,month_7,0.0,0.0
2025-01-08,month_8,0.0,0.0
2025-01-08,month_9,0.0,0.0
2025-01-08,month_10,0.0,0.0
2025-01-08,month_11,0.0,0.0
2025-01-08,month_12,0.0,0.0
2025-01-08,day_of_week_0,0.0,0.0
2025-01-08,day_of_week_1,0.0,0.0
2025-01-08,day_of_week_2,0.0,0.0
2025-01-08,day_of_week_3,0.0,0.0
2025-01-08,day_of_week_4,0.0,0.0
2025-01-08,day_of_week_5,0.0,0.0
2025-01-08,day_of_week_6,0.0,0.0
2025-03-09,is_couple,0.0,0.0
2025-03-09,extended_stay,0.0,0.0
2025-03-09,is_weekend,1.0,1.0
2025-03-09,is_festival,0.0,0.0
2025-03-09,is_festival_eve,0.0,0.0
2025-03-09,is_long_weekend,0.0,0.0
2025-03-09,is_consecutive_holiday,0.0,0.0
2025-03-09,is_school_vacation,0.0,0.0
2025-03-09,is_local_vacation,0.0,0.0
2025-03-09,is_vacation,0.0,0.0
2025-03-09,is_peak_season,1.0,1.0
2025-03-09,is_off_season,0.0,0.0
2025-03-09,is_family,1.0,1.0
2025-03-09,is_corporate,0.0,0.0
2025-03-09,is_extended_booking,0.0,0.0
2025-03-09,is_friday_night,0.0,0.0
2025-03-09,is_saturday_day,0.0,0.0
2025-03-09,is_saturday_night,0.0,0.0
2025-03-09,is_sunday_day,1.0,1.0
2025-03-09,is_sunday_night,0.0,0.0
2025-03-09,is_holiday_bridge,0.0,0.0
2025-03-09,wedding_season,0.0,0.0
2025-03-09,is_same_day,0.0,0.0
2025-03-09,is_lead_1_3d,0.0,0.0
2025-03-09,is_lead_4_7d,0.0,0.0
2025-03-09,is_lead_8_14d,0.0,0.0
2025-03-09,is_lead_15_30d,1.0,1.0
2025-03-09,is_lead_31_60d,0.0,0.0
2025-03-09,is_lead_60d_plus,0.0,0.0
2025-03-09,person_count,3.0,3.0
2025-03-09,lead_days,30.0,30.0
2025-03-09,duration_hours,12.0,12.0
2025-03-09,effective_daily_rate,20320.0,8500.0
2025-03-09,demand_score,69.36,100.0
2025-03-09,highest_revenue_weekday,0.0,5.0
2025-03-09,highest_revenue_month,8.0,5.0
2025-03-09,weekend_premium_ratio,1.156,1.992
2025-03-09,rain_impact_ratio,0.248,0.8
2025-03-09,competitor_price,9480.0,0.0
2025-03-09,competitor_diff,980.0,0.0
2025-03-09,days_before_festival,309.0,309.0
2025-03-09,days_after_festival,52.0,52.0
2025-03-09,slot_lag_price_1,8930.0,0.0
2025-03-09,slot_lag_price_2,8110.0,0.0
2025-03-09,days_since_last_booking,2.0,0.0
2025-03-09,rolling_price_mean_30,8355.0,0.0
2025-03-09,bookings_last_7d,2.0,0.0
2025-03-09,bookings_last_30d,9.0,0.0
2025-03-09,occupancy_rate_7d,0.2857142857142857,0.0
2025-03-09,occupancy_rate_30d,0.3,0.0
2025-03-09,booking_velocity,0.2857142857142857,0.0
2025-03-09,current_occupancy_pct,0.041666666666666664,0.35
2025-03-09,remaining_inventory,115.0,10.0
2025-03-09,booking_pace,0.9523492074073721,1.0
2025-03-09,occupancy_trend,-0.01428571428571429,0.0
2025-03-09,demand_index,50.77349207407372,60.5
2025-03-09,month_slot_avg,8802.5,8500.0
2025-03-09,month_weekend_slot_avg,10820.0,8500.0
2025-03-09,month_guest_slot_avg,7840.0,8500.0
2025-03-09,month_festival_slot_avg,8802.5,8500.0
2025-03-09,month_leadtime_slot_avg,8802.5,8500.0
2025-03-09,month_weather_slot_avg,8802.5,8500.0
2025-03-09,slot_type_12H Day,0.0,0.0
2025-03-09,slot_type_12H Night,0.0,0.0
2025-03-09,slot_type_24H Day,0.0,0.0
2025-03-09,slot_type_24H Night,0.0,0.0
2025-03-09,season_monsoon,0.0,0.0
2025-03-09,season_summer,0.0,0.0
2025-03-09,season_winter,0.0,0.0
2025-03-09,weather_condition_Clear,0.0,0.0
2025-03-09,month_1,0.0,0.0
2025-03-09,month_2,0.0,0.0
2025-03-09,month_3,0.0,0.0
2025-03-09,month_4,0.0,0.0
2025-03-09,month_5,0.0,0.0
2025-03-09,month_6,0.0,0.0
2025-03-09,month_7,0.0,0.0
2025-03-09,month_8,0.0,0.0
2025-03-09,month_9,0.0,0.0
2025-03-09,month_10,0.0,0.0
2025-03-09,month_11,0.0,0.0
2025-03-09,month_12,0.0,0.0
2025-03-09,day_of_week_0,0.0,0.0
2025-03-09,day_of_week_1,0.0,0.0
2025-03-09,day_of_week_2,0.0,0.0
2025-03-09,day_of_week_3,0.0,0.0
2025-03-09,day_of_week_4,0.0,0.0
2025-03-09,day_of_week_5,0.0,0.0
2025-03-09,day_of_week_6,0.0,0.0
2024-12-13,is_couple,1.0,1.0
2024-12-13,extended_stay,0.0,0.0
2024-12-13,is_weekend,0.0,0.0
2024-12-13,is_festival,0.0,0.0
2024-12-13,is_festival_eve,0.0,0.0
2024-12-13,is_long_weekend,0.0,0.0
2024-12-13,is_consecutive_holiday,0.0,0.0
2024-12-13,is_school_vacation,1.0,1.0
2024-12-13,is_local_vacation,1.0,1.0
2024-12-13,is_vacation,1.0,1.0
2024-12-13,is_peak_season,1.0,1.0
2024-12-13,is_off_season,1.0,1.0
2024-12-13,is_family,0.0,0.0
2024-12-13,is_corporate,0.0,0.0
2024-12-13,is_extended_booking,0.0,0.0
2024-12-13,is_friday_night,1.0,1.0
2024-12-13,is_saturday_day,0.0,0.0
2024-12-13,is_saturday_night,0.0,0.0
2024-12-13,is_sunday_day,0.0,0.0
2024-12-13,is_sunday_night,0.0,0.0
2024-12-13,is_holiday_bridge,0.0,0.0
2024-12-13,wedding_season,1.0,1.0
2024-12-13,is_same_day,0.0,0.0
2024-12-13,is_lead_1_3d,0.0,0.0
2024-12-13,is_lead_4_7d,0.0,0.0
2024-12-13,is_lead_8_14d,0.0,0.0
2024-12-13,is_lead_15_30d,0.0,0.0
2024-12-13,is_lead_31_60d,1.0,1.0
2024-12-13,is_lead_60d_plus,0.0,0.0
2024-12-13,person_count,2.0,2.0
2024-12-13,lead_days,34.0,34.0
2024-12-13,duration_hours,24.0,24.0
2024-12-13,effective_daily_rate,16740.0,8500.0
2024-12-13,highest_revenue_weekday,0.0,5.0
2024-12-13,highest_revenue_month,8.0,5.0
2024-12-13,weekend_premium_ratio,1.156,1.992
2024-12-13,rain_impact_ratio,0.248,0.8
2024-12-13,competitor_price,15630.0,0.0
2024-12-13,competitor_diff,7130.0,0.0
2024-12-13,days_before_festival,29.0,29.0
2024-12-13,days_after_festival,40.0,40.0
2024-12-13,slot_lag_price_1,20770.0,0.0
2024-12-13,slot_lag_price_2,12333.333333333334,0.0
2024-12-13,days_since_last_booking,2.0,0.0
2024-12-13,rolling_price_mean_30,15681.111111111111,0.0
2024-12-13,bookings_last_7d,2.0,0.0
2024-12-13,bookings_last_30d,6.0,0.0
2024-12-13,occupancy_rate_7d,0.2857142857142857,0.0
2024-12-13,occupancy_rate_30d,0.2,0.0
2024-12-13,booking_velocity,0.2857142857142857,0.0
2024-12-13,current_occupancy_pct,0.05,0.35
2024-12-13,remaining_inventory,114.0,10.0
2024-12-13,booking_pace,1.4285000035712498,1.0
2024-12-13,occupancy_trend,0.08571428571428569,0.0
2024-12-13,demand_index,45.7850000357125,50.5
2024-12-13,month_slot_avg,20770.0,8500.0
2024-12-13,month_weekend_slot_avg,20770.0,8500.0
2024-12-13,month_guest_slot_avg,20770.0,8500.0
2024-12-13,month_festival_slot_avg,20770.0,8500.0
2024-12-13,month_leadtime_slot_avg,20770.0,8500.0
2024-12-13,month_weather_slot_avg,20770.0,8500.0
2024-12-13,slot_type_12H Day,0.0,0.0
2024-12-13,slot_type_12H Night,0.0,0.0
2024-12-13,slot_type_24H Day,0.0,0.0
2024-12-13,slot_type_24H Night,0.0,0.0
2024-12-13,season_monsoon,0.0,0.0
2024-12-13,season_summer,0.0,0.0
2024-12-13,season_winter,0.0,0.0
2024-12-13,weather_condition_Clear,0.0,0.0
2024-12-13,month_1,0.0,0.0
2024-12-13,month_2,0.0,0.0
2024-12-13,month_3,0.0,0.0
2024-12-13,month_4,0.0,0.0
2024-12-13,month_5,0.0,0.0
2024-12-13,month_6,0.0,0.0
2024-12-13,month_7,0.0,0.0
2024-12-13,month_8,0.0,0.0
2024-12-13,month_9,0.0,0.0
2024-12-13,month_10,0.0,0.0
2024-12-13,month_11,0.0,0.0
2024-12-13,month_12,0.0,0.0
2024-12-13,day_of_week_0,0.0,0.0
2024-12-13,day_of_week_1,0.0,0.0
2024-12-13,day_of_week_2,0.0,0.0
2024-12-13,day_of_week_3,0.0,0.0
2024-12-13,day_of_week_4,0.0,0.0
2024-12-13,day_of_week_5,0.0,0.0
2024-12-13,day_of_week_6,0.0,0.0
2024-11-08,is_couple,0.0,0.0
2024-11-08,extended_stay,0.0,0.0
2024-11-08,is_weekend,0.0,0.0
2024-11-08,is_festival,0.0,0.0
2024-11-08,is_festival_eve,0.0,0.0
2024-11-08,is_long_weekend,0.0,0.0
2024-11-08,is_consecutive_holiday,0.0,0.0
2024-11-08,is_school_vacation,0.0,0.0
2024-11-08,is_local_vacation,0.0,0.0
2024-11-08,is_vacation,0.0,0.0
2024-11-08,is_peak_season,0.0,0.0
2024-11-08,is_off_season,1.0,1.0
2024-11-08,is_family,1.0,1.0
2024-11-08,is_corporate,0.0,0.0
2024-11-08,is_extended_booking,0.0,0.0
2024-11-08,is_friday_night,0.0,0.0
2024-11-08,is_saturday_day,0.0,0.0
2024-11-08,is_saturday_night,0.0,0.0
2024-11-08,is_sunday_day,0.0,0.0
2024-11-08,is_sunday_night,0.0,0.0
2024-11-08,is_holiday_bridge,0.0,0.0
2024-11-08,wedding_season,1.0,1.0
2024-11-08,is_same_day,0.0,0.0
2024-11-08,is_lead_1_3d,0.0,0.0
2024-11-08,is_lead_4_7d,0.0,0.0
2024-11-08,is_lead_8_14d,1.0,1.0
2024-11-08,is_lead_15_30d,0.0,0.0
2024-11-08,is_lead_31_60d,0.0,0.0
2024-11-08,is_lead_60d_plus,0.0,0.0
2024-11-08,person_count,11.0,11.0
2024-11-08,lead_days,11.0,11.0
2024-11-08,duration_hours,12.0,12.0
2024-11-08,effective_daily_rate,15800.0,8500.0
2024-11-08,highest_revenue_weekday,0.0,5.0
2024-11-08,highest_revenue_month,8.0,5.0
2024-11-08,weekend_premium_ratio,1.156,1.992
2024-11-08,rain_impact_ratio,0.248,0.8
2024-11-08,competitor_price,7130.0,0.0
2024-11-08,competitor_diff,-1370.0,0.0
2024-11-08,days_before_festival,65.0,65.0
2024-11-08,days_after_festival,4.0,4.0
2024-11-08,slot_lag_price_1,6170.0,0.0
2024-11-08,slot_lag_price_2,11460.0,0.0
2024-11-08,days_since_last_booking,4.0,0.0
2024-11-08,rolling_price_mean_30,8178.75,0.0
2024-11-08,bookings_last_7d,2.0,0.0
2024-11-08,bookings_last_30d,5.0,0.0
2024-11-08,occupancy_rate_7d,0.2857142857142857,0.0
2024-11-08,occupancy_rate_30d,0.16666666666666666,0.0
2024-11-08,booking_velocity,0.2857142857142857,0.0
2024-11-08,current_occupancy_pct,0.058333333333333334,0.35
2024-11-08,remaining_inventory,113.0,10.0
2024-11-08,booking_pace,1.7141828633139153,1.0
2024-11-08,occupancy_trend,0.11904761904761904,0.0
2024-11-08,demand_index,48.891828633139156,50.5
2024-11-08,month_slot_avg,7737.5,8500.0
2024-11-08,month_weekend_slot_avg,7120.0,8500.0
2024-11-08,month_guest_slot_avg,9590.0,8500.0
2024-11-08,month_festival_slot_avg,7737.5,8500.0
2024-11-08,month_leadtime_slot_avg,8595.0,8500.0
2024-11-08,month_weather_slot_avg,7737.5,8500.0
2024-11-08,slot_type_12H Day,0.0,0.0
2024-11-08,slot_type_12H Night,0.0,0.0
2024-11-08,slot_type_24H Day,0.0,0.0
2024-11-08,slot_type_24H Night,0.0,0.0
2024-11-08,season_monsoon,0.0,0.0
2024-11-08,season_summer,0.0,0.0
2024-11-08,season_winter,0.0,0.0
2024-11-08,weather_condition_Clear,0.0,0.0
2024-11-08,month_1,0.0,0.0
2024-11-08,month_2,0.0,0.0
2024-11-08,month_3,0.0,0.0
2024-11-08,month_4,0.0,0.0
2024-11-08,month_5,0.0,0.0
2024-11-08,month_6,0.0,0.0
2024-11-08,month_7,0.0,0.0
2024-11-08,month_8,0.0,0.0
2024-11-08,month_9,0.0,0.0
2024-11-08,month_10,0.0,0.0
2024-11-08,month_11,0.0,0.0
2024-11-08,month_12,0.0,0.0
2024-11-08,day_of_week_0,0.0,0.0
2024-11-08,day_of_week_1,0.0,0.0
2024-11-08,day_of_week_2,0.0,0.0
2024-11-08,day_of_week_3,0.0,0.0
2024-11-08,day_of_week_4,0.0,0.0
2024-11-08,day_of_week_5,0.0,0.0
2024-11-08,day_of_week_6,0.0,0.0
2025-11-07,is_couple,0.0,0.0
2025-11-07,extended_stay,0.0,0.0
2025-11-07,is_weekend,0.0,0.0
2025-11-07,is_festival,0.0,0.0
2025-11-07,is_festival_eve,0.0,0.0
2025-11-07,is_long_weekend,0.0,0.0
2025-11-07,is_consecutive_holiday,0.0,0.0
2025-11-07,is_school_vacation,0.0,0.0
2025-11-07,is_local_vacation,0.0,0.0
2025-11-07,is_vacation,0.0,0.0
2025-11-07,is_peak_season,0.0,0.0
2025-11-07,is_off_season,1.0,1.0
2025-11-07,is_family,1.0,1.0
2025-11-07,is_corporate,0.0,0.0
2025-11-07,is_extended_booking,0.0,0.0
2025-11-07,is_friday_night,0.0,0.0
2025-11-07,is_saturday_day,0.0,0.0
2025-11-07,is_saturday_night,0.0,0.0
2025-11-07,is_sunday_day,0.0,0.0
2025-11-07,is_sunday_night,0.0,0.0
2025-11-07,is_holiday_bridge,0.0,0.0
2025-11-07,wedding_season,1.0,1.0
2025-11-07,is_same_day,0.0,0.0
2025-11-07,is_lead_1_3d,0.0,0.0
2025-11-07,is_lead_4_7d,0.0,0.0
2025-11-07,is_lead_8_14d,1.0,1.0
2025-11-07,is_lead_15_30d,0.0,0.0
2025-11-07,is_lead_31_60d,0.0,0.0
2025-11-07,is_lead_60d_plus,0.0,0.0
2025-11-07,person_count,8.0,8.0
2025-11-07,lead_days,13.0,13.0
2025-11-07,duration_hours,12.0,12.0
2025-11-07,effective_daily_rate,15200.0,8500.0
2025-11-07,highest_revenue_weekday,0.0,5.0
2025-11-07,highest_revenue_month,8.0,5.0
2025-11-07,weekend_premium_ratio,1.156,1.992
2025-11-07,rain_impact_ratio,0.248,0.8
2025-11-07,competitor_price,7960.0,0.0
2025-11-07,competitor_diff,-540.0,0.0
2025-11-07,days_before_festival,66.0,66.0
2025-11-07,days_after_festival,295.0,295.0
2025-11-07,slot_lag_price_1,9590.0,0.0
2025-11-07,slot_lag_price_2,10730.0,0.0
2025-11-07,days_since_last_booking,5.0,0.0
2025-11-07,rolling_price_mean_30,8835.0,0.0
2025-11-07,bookings_last_7d,2.0,0.0
2025-11-07,bookings_last_30d,3.0,0.0
2025-11-07,occupancy_rate_7d,0.2857142857142857,0.0
2025-11-07,occupancy_rate_30d,0.1,0.0
2025-11-07,booking_velocity,0.2857142857142857,0.0
2025-11-07,current_occupancy_pct,0.058333333333333334,0.35
2025-11-07,remaining_inventory,113.0,10.0
2025-11-07,booking_pace,2.8568571714257143,1.0
2025-11-07,occupancy_trend,0.1857142857142857,0.0
2025-11-07,demand_index,60.318571714257146,50.5
2025-11-07,month_slot_avg,7812.5,8500.0
2025-11-07,month_weekend_slot_avg,7220.0,8500.0
2025-11-07,month_guest_slot_avg,7812.5,8500.0
2025-11-07,month_festival_slot_avg,7812.5,8500.0
2025-11-07,month_leadtime_slot_avg,8745.0,8500.0
2025-11-07,month_weather_slot_avg,7812.5,8500.0
2025-11-07,slot_type_12H Day,0.0,0.0
2025-11-07,slot_type_12H Night,0.0,0.0
2025-11-07,slot_type_24H Day,0.0,0.0
2025-11-07,slot_type_24H Night,0.0,0.0
2025-11-07,season_monsoon,0.0,0.0
2025-11-07,season_summer,0.0,0.0
2025-11-07,season_winter,0.0,0.0
2025-11-07,weather_condition_Clear,0.0,0.0
2025-11-07,month_1,0.0,0.0
2025-11-07,month_2,0.0,0.0
2025-11-07,month_3,0.0,0.0
2025-11-07,month_4,0.0,0.0
2025-11-07,month_5,0.0,0.0
2025-11-07,month_6,0.0,0.0
2025-11-07,month_7,0.0,0.0
2025-11-07,month_8,0.0,0.0
2025-11-07,month_9,0.0,0.0
2025-11-07,month_10,0.0,0.0
2025-11-07,month_11,0.0,0.0
2025-11-07,month_12,0.0,0.0
2025-11-07,day_of_week_0,0.0,0.0
2025-11-07,day_of_week_1,0.0,0.0
2025-11-07,day_of_week_2,0.0,0.0
2025-11-07,day_of_week_3,0.0,0.0
2025-11-07,day_of_week_4,0.0,0.0
2025-11-07,day_of_week_5,0.0,0.0
2025-11-07,day_of_week_6,0.0,0.0
2025-05-20,is_couple,0.0,0.0
2025-05-20,extended_stay,0.0,0.0
2025-05-20,is_weekend,0.0,0.0
2025-05-20,is_festival,0.0,0.0
2025-05-20,is_festival_eve,0.0,0.0
2025-05-20,is_long_weekend,0.0,0.0
2025-05-20,is_consecutive_holiday,0.0,0.0
2025-05-20,is_school_vacation,1.0,1.0
2025-05-20,is_local_vacation,1.0,1.0
2025-05-20,is_vacation,1.0,1.0
2025-05-20,is_peak_season,1.0,1.0
2025-05-20,is_off_season,0.0,0.0
2025-05-20,is_family,1.0,1.0
2025-05-20,is_corporate,0.0,0.0
2025-05-20,is_extended_booking,0.0,0.0
2025-05-20,is_friday_night,0.0,0.0
2025-05-20,is_saturday_day,0.0,0.0
2025-05-20,is_saturday_night,0.0,0.0
2025-05-20,is_sunday_day,0.0,0.0
2025-05-20,is_sunday_night,0.0,0.0
2025-05-20,is_holiday_bridge,0.0,0.0
2025-05-20,wedding_season,0.0,0.0
2025-05-20,is_same_day,0.0,0.0
2025-05-20,is_lead_1_3d,1.0,1.0
2025-05-20,is_lead_4_7d,0.0,0.0
2025-05-20,is_lead_8_14d,0.0,0.0
2025-05-20,is_lead_15_30d,0.0,0.0
2025-05-20,is_lead_31_60d,0.0,0.0
2025-05-20,is_lead_60d_plus,0.0,0.0
2025-05-20,person_count,4.0,4.0
2025-05-20,lead_days,2.0,2.0
2025-05-20,duration_hours,12.0,12.0
2025-05-20,effective_daily_rate,24680.0,8500.0
2025-05-20,highest_revenue_weekday,0.0,5.0
2025-05-20,highest_revenue_month,8.0,5.0
2025-05-20,weekend_premium_ratio,1.156,1.992
2025-05-20,rain_impact_ratio,0.248,0.8
2025-05-20,competitor_price,11300.0,0.0
2025-05-20,competitor_diff,2800.0,0.0
2025-05-20,days_before_festival,237.0,236.0
2025-05-20,days_after_festival,125.0,125.0
2025-05-20,slot_lag_price_1,12510.0,0.0
2025-05-20,slot_lag_price_2,11720.0,0.0
2025-05-20,days_since_last_booking,12.0,0.0
2025-05-20,rolling_price_mean_30,11769.0,0.0
2025-05-20,bookings_last_7d,1.0,0.0
2025-05-20,bookings_last_30d,6.0,0.0
2025-05-20,occupancy_rate_7d,0.14285714285714285,0.0
2025-05-20,occupancy_rate_30d,0.2,0.0
2025-05-20,booking_velocity,0.14285714285714285,0.0
2025-05-20,current_occupancy_pct,0.058333333333333334,0.35
2025-05-20,remaining_inventory,113.0,10.0
2025-05-20,booking_pace,0.7142500017856249,1.0
2025-05-20,occupancy_trend,-0.05714285714285716,0.0
2025-05-20,demand_index,28.89250001785625,40.5
2025-05-20,month_slot_avg,12837.5,8500.0
2025-05-20,month_weekend_slot_avg,12253.333333333334,8500.0
2025-05-20,month_guest_slot_avg,12837.5,8500.0
2025-05-20,month_festival_slot_avg,12837.5,8500.0
2025-05-20,month_leadtime_slot_avg,13155.0,8500.0
2025-05-20,month_weather_slot_avg,12837.5,8500.0
2025-05-20,slot_type_12H Day,0.0,0.0
2025-05-20,slot_type_12H Night,0.0,0.0
2025-05-20,slot_type_24H Day,0.0,0.0
2025-05-20,slot_type_24H Night,0.0,0.0
2025-05-20,season_monsoon,0.0,0.0
2025-05-20,season_summer,0.0,0.0
2025-05-20,season_winter,0.0,0.0
2025-05-20,weather_condition_Clear,0.0,0.0
2025-05-20,month_1,0.0,0.0
2025-05-20,month_2,0.0,0.0
2025-05-20,month_3,0.0,0.0
2025-05-20,month_4,0.0,0.0
2025-05-20,month_5,0.0,0.0
2025-05-20,month_6,0.0,0.0
2025-05-20,month_7,0.0,0.0
2025-05-20,month_8,0.0,0.0
2025-05-20,month_9,0.0,0.0
2025-05-20,month_10,0.0,0.0
2025-05-20,month_11,0.0,0.0
2025-05-20,month_12,0.0,0.0
2025-05-20,day_of_week_0,0.0,0.0
2025-05-20,day_of_week_1,0.0,0.0
2025-05-20,day_of_week_2,0.0,0.0
2025-05-20,day_of_week_3,0.0,0.0
2025-05-20,day_of_week_4,0.0,0.0
2025-05-20,day_of_week_5,0.0,0.0
2025-05-20,day_of_week_6,0.0,0.0
2026-02-19,is_couple,1.0,1.0
2026-02-19,extended_stay,0.0,0.0
2026-02-19,is_weekend,0.0,0.0
2026-02-19,is_festival,0.0,0.0
2026-02-19,is_festival_eve,0.0,0.0
2026-02-19,is_long_weekend,0.0,0.0
2026-02-19,is_consecutive_holiday,0.0,0.0
2026-02-19,is_school_vacation,0.0,0.0
2026-02-19,is_local_vacation,0.0,0.0
2026-02-19,is_vacation,0.0,0.0
2026-02-19,is_peak_season,0.0,0.0
2026-02-19,is_off_season,1.0,1.0
2026-02-19,is_family,0.0,0.0
2026-02-19,is_corporate,0.0,0.0
2026-02-19,is_extended_booking,0.0,0.0
2026-02-19,is_friday_night,0.0,0.0
2026-02-19,is_saturday_day,0.0,0.0
2026-02-19,is_saturday_night,0.0,0.0
2026-02-19,is_sunday_day,0.0,0.0
2026-02-19,is_sunday_night,0.0,0.0
2026-02-19,is_holiday_bridge,0.0,0.0
2026-02-19,wedding_season,1.0,1.0
2026-02-19,is_same_day,1.0,1.0
2026-02-19,is_lead_1_3d,0.0,0.0
2026-02-19,is_lead_4_7d,0.0,0.0
2026-02-19,is_lead_8_14d,0.0,0.0
2026-02-19,is_lead_15_30d,0.0,0.0
2026-02-19,is_lead_31_60d,0.0,0.0
2026-02-19,is_lead_60d_plus,0.0,0.0
2026-02-19,person_count,2.0,2.0
2026-02-19,lead_days,0.0,0.0
2026-02-19,duration_hours,24.0,24.0
2026-02-19,effective_daily_rate,13700.0,8500.0
2026-02-19,highest_revenue_weekday,0.0,5.0
2026-02-19,highest_revenue_month,8.0,5.0
2026-02-19,weekend_premium_ratio,1.156,1.992
2026-02-19,rain_impact_ratio,0.248,0.8
2026-02-19,competitor_price,13260.0,0.0
2026-02-19,competitor_diff,4760.0,0.0
2026-02-19,days_before_festival,365.0,365.0
2026-02-19,days_after_festival,34.0,34.0
2026-02-19,slot_lag_price_1,15380.0,0.0
2026-02-19,slot_lag_price_2,14780.0,0.0
2026-02-19,days_since_last_booking,1.0,0.0
2026-02-19,rolling_price_mean_30,15842.0,0.0
2026-02-19,bookings_last_7d,4.0,0.0
2026-02-19,bookings_last_30d,7.0,0.0
2026-02-19,occupancy_rate_7d,0.5714285714285714,0.0
2026-02-19,occupancy_rate_30d,0.23333333333333334,0.0
2026-02-19,booking_velocity,0.5714285714285714,0.0
2026-02-19,current_occupancy_pct,0.075,0.35
2026-02-19,remaining_inventory,111.0,10.0
2026-02-19,booking_pace,2.448874640066446,1.0
2026-02-19,occupancy_trend,0.33809523809523806,0.0
2026-02-19,demand_index,56.73874640066446,50.5
2026-02-19,month_slot_avg,15380.0,8500.0
2026-02-19,month_weekend_slot_avg,15380.0,8500.0
2026-02-19,month_guest_slot_avg,15380.0,8500.0
2026-02-19,month_festival_slot_avg,15380.0,8500.0
2026-02-19,month_leadtime_slot_avg,15380.0,8500.0
2026-02-19,month_weather_slot_avg,15380.0,8500.0
2026-02-19,slot_type_12H Day,0.0,0.0
2026-02-19,slot_type_12H Night,0.0,0.0
2026-02-19,slot_type_24H Day,0.0,0.0
2026-02-19,slot_type_24H Night,0.0,0.0
2026-02-19,season_monsoon,0.0,0.0
2026-02-19,season_summer,0.0,0.0
2026-02-19,season_winter,0.0,0.0
2026-02-19,weather_condition_Clear,0.0,0.0
2026-02-19,month_1,0.0,0.0
2026-02-19,month_2,0.0,0.0
2026-02-19,month_3,0.0,0.0
2026-02-19,month_4,0.0,0.0
2026-02-19,month_5,0.0,0.0
2026-02-19,month_6,0.0,0.0
2026-02-19,month_7,0.0,0.0
2026-02-19,month_8,0.0,0.0
2026-02-19,month_9,0.0,0.0
2026-02-19,month_10,0.0,0.0
2026-02-19,month_11,0.0,0.0
2026-02-19,month_12,0.0,0.0
2026-02-19,day_of_week_0,0.0,0.0
2026-02-19,day_of_week_1,0.0,0.0
2026-02-19,day_of_week_2,0.0,0.0
2026-02-19,day_of_week_3,0.0,0.0
2026-02-19,day_of_week_4,0.0,0.0
2026-02-19,day_of_week_5,0.0,0.0
2026-02-19,day_of_week_6,0.0,0.0
2024-08-19,is_couple,0.0,0.0
2024-08-19,extended_stay,0.0,0.0
2024-08-19,is_weekend,0.0,0.0
2024-08-19,is_festival,0.0,0.0
2024-08-19,is_festival_eve,0.0,0.0
2024-08-19,is_long_weekend,0.0,0.0
2024-08-19,is_consecutive_holiday,0.0,0.0
2024-08-19,is_school_vacation,0.0,0.0
2024-08-19,is_local_vacation,0.0,0.0
2024-08-19,is_vacation,0.0,0.0
2024-08-19,is_peak_season,0.0,0.0
2024-08-19,is_off_season,0.0,0.0
2024-08-19,is_family,1.0,1.0
2024-08-19,is_corporate,0.0,0.0
2024-08-19,is_extended_booking,0.0,0.0
2024-08-19,is_friday_night,0.0,0.0
2024-08-19,is_saturday_day,0.0,0.0
2024-08-19,is_saturday_night,0.0,0.0
2024-08-19,is_sunday_day,0.0,0.0
2024-08-19,is_sunday_night,0.0,0.0
2024-08-19,is_holiday_bridge,0.0,0.0
2024-08-19,wedding_season,0.0,0.0
2024-08-19,is_same_day,0.0,0.0
2024-08-19,is_lead_1_3d,1.0,1.0
2024-08-19,is_lead_4_7d,0.0,0.0
2024-08-19,is_lead_8_14d,0.0,0.0
2024-08-19,is_lead_15_30d,0.0,0.0
2024-08-19,is_lead_31_60d,0.0,0.0
2024-08-19,is_lead_60d_plus,0.0,0.0
2024-08-19,person_count,7.0,7.0
2024-08-19,lead_days,3.0,3.0
2024-08-19,duration_hours,12.0,12.0
2024-08-19,effective_daily_rate,18740.0,8500.0
2024-08-19,highest_revenue_weekday,0.0,5.0
2024-08-19,highest_revenue_month,8.0,5.0
2024-08-19,weekend_premium_ratio,1.156,1.992
2024-08-19,rain_impact_ratio,0.248,0.8
2024-08-19,competitor_price,9420.0,0.0
2024-08-19,competitor_diff,920.0,0.0
2024-08-19,days_before_festival,72.0,71.0
2024-08-19,days_after_festival,217.0,217.0
2024-08-19,slot_lag_price_1,9370.0,0.0
2024-08-19,slot_lag_price_2,9750.0,0.0
2024-08-19,rolling_price_mean_30,9496.666666666666,0.0
2024-08-19,bookings_last_7d,3.0,0.0
2024-08-19,bookings_last_30d,5.0,0.0
2024-08-19,occupancy_rate_7d,0.42857142857142855,0.0
2024-08-19,occupancy_rate_30d,0.16666666666666666,0.0
2024-08-19,booking_velocity,0.42857142857142855,0.0
2024-08-19,current_occupancy_pct,0.06666666666666667,0.35
2024-08-19,remaining_inventory,112.0,10.0
2024-08-19,booking_pace,2.571274294970873,1.0
2024-08-19,occupancy_trend,0.26190476190476186,0.0
2024-08-19,demand_index,47.712742949708726,40.5
2024-08-19,month_slot_avg,10328.57142857143,8500.0
2024-08-19,month_weekend_slot_avg,10328.57142857143,8500.0
2024-08-19,month_guest_slot_avg,9976.666666666666,8500.0
2024-08-19,month_festival_slot_avg,10328.57142857143,8500.0
2024-08-19,month_leadtime_slot_avg,10815.0,8500.0
2024-08-19,month_weather_slot_avg,10328.57142857143,8500.0
2024-08-19,slot_type_12H Day,0.0,0.0
2024-08-19,slot_type_12H Night,0.0,0.0
2024-08-19,slot_type_24H Day,0.0,0.0
2024-08-19,slot_type_24H Night,0.0,0.0
2024-08-19,season_monsoon,0.0,0.0
2024-08-19,season_summer,0.0,0.0
2024-08-19,season_winter,0.0,0.0
2024-08-19,weather_condition_Clear,0.0,0.0
2024-08-19,month_1,0.0,0.0
2024-08-19,month_2,0.0,0.0
2024-08-19,month_3,0.0,0.0
2024-08-19,month_4,0.0,0.0
2024-08-19,month_5,0.0,0.0
2024-08-19,month_6,0.0,0.0
2024-08-19,month_7,0.0,0.0
2024-08-19,month_8,0.0,0.0
2024-08-19,month_9,0.0,0.0
2024-08-19,month_10,0.0,0.0
2024-08-19,month_11,0.0,0.0
2024-08-19,month_12,0.0,0.0
2024-08-19,day_of_week_0,0.0,0.0
2024-08-19,day_of_week_1,0.0,0.0
2024-08-19,day_of_week_2,0.0,0.0
2024-08-19,day_of_week_3,0.0,0.0
2024-08-19,day_of_week_4,0.0,0.0
2024-08-19,day_of_week_5,0.0,0.0
2024-08-19,day_of_week_6,0.0,0.0
2026-02-21,is_couple,0.0,0.0
2026-02-21,extended_stay,0.0,0.0
2026-02-21,is_weekend,0.0,1.0
2026-02-21,is_festival,0.0,0.0
2026-02-21,is_festival_eve,0.0,0.0
2026-02-21,is_long_weekend,0.0,0.0
2026-02-21,is_consecutive_holiday,0.0,0.0
2026-02-21,is_school_vacation,0.0,0.0
2026-02-21,is_local_vacation,0.0,0.0
2026-02-21,is_vacation,0.0,0.0
2026-02-21,is_peak_season,0.0,1.0
2026-02-21,is_off_season,1.0,0.0
2026-02-21,is_family,0.0,0.0
2026-02-21,is_corporate,1.0,1.0
2026-02-21,is_extended_booking,0.0,0.0
2026-02-21,is_friday_night,0.0,0.0
2026-02-21,is_saturday_day,1.0,1.0
2026-02-21,is_saturday_night,0.0,0.0
2026-02-21,is_sunday_day,0.0,0.0
2026-02-21,is_sunday_night,0.0,0.0
2026-02-21,is_holiday_bridge,0.0,0.0
2026-02-21,wedding_season,1.0,1.0
2026-02-21,is_same_day,0.0,0.0
2026-02-21,is_lead_1_3d,0.0,0.0
2026-02-21,is_lead_4_7d,0.0,0.0
2026-02-21,is_lead_8_14d,0.0,0.0
2026-02-21,is_lead_15_30d,0.0,0.0
2026-02-21,is_lead_31_60d,1.0,1.0
2026-02-21,is_lead_60d_plus,0.0,0.0
2026-02-21,person_count,16.0,16.0
2026-02-21,lead_days,36.0,36.0
2026-02-21,duration_hours,12.0,12.0
2026-02-21,effective_daily_rate,18620.0,8500.0
2026-02-21,demand_score,53.349999999999994,100.0
2026-02-21,highest_revenue_weekday,0.0,5.0
2026-02-21,highest_revenue_month,8.0,5.0
2026-02-21,weekend_premium_ratio,1.156,1.992
2026-02-21,rain_impact_ratio,0.248,0.8
2026-02-21,competitor_price,10230.0,0.0
2026-02-21,competitor_diff,1730.0,0.0
2026-02-21,days_before_festival,365.0,365.0
2026-02-21,days_after_festival,36.0,36.0
2026-02-21,slot_lag_price_1,8620.0,0.0
2026-02-21,slot_lag_price_2,8350.0,0.0
2026-02-21,days_since_last_booking,1.0,0.0
2026-02-21,rolling_price_mean_30,8902.0,0.0
2026-02-21,bookings_last_7d,6.0,0.0
2026-02-21,bookings_last_30d,9.0,0.0
2026-02-21,occupancy_rate_7d,0.8571428571428571,0.0
2026-02-21,occupancy_rate_30d,0.3,0.0
2026-02-21,booking_velocity,0.8571428571428571,0.0
2026-02-21,current_occupancy_pct,0.075,0.35
2026-02-21,remaining_inventory,111.0,10.0
2026-02-21,booking_pace,2.857047622222116,1.0
2026-02-21,occupancy_trend,0.5571428571428572,0.0
2026-02-21,demand_index,60.82047622222116,70.5
2026-02-21,month_slot_avg,7917.5,8500.0
2026-02-21,month_weekend_slot_avg,7917.5,8500.0
2026-02-21,month_guest_slot_avg,8930.0,8500.0
2026-02-21,month_festival_slot_avg,7917.5,8500.0
2026-02-21,month_leadtime_slot_avg,8282.5,8500.0
2026-02-21,month_weather_slot_avg,7917.5,8500.0
2026-02-21,slot_type_12H Day,0.0,0.0
2026-02-21,slot_type_12H Night,0.0,0.0
2026-02-21,slot_type_24H Day,0.0,0.0
2026-02-21,slot_type_24H Night,0.0,0.0
2026-02-21,season_monsoon,0.0,0.0
2026-02-21,season_summer,0.0,0.0
2026-02-21,season_winter,0.0,0.0
2026-02-21,weather_condition_Clear,0.0,0.0
2026-02-21,month_1,0.0,0.0
2026-02-21,month_2,0.0,0.0
2026-02-21,month_3,0.0,0.0
2026-02-21,month_4,0.0,0.0
2026-02-21,month_5,0.0,0.0
2026-02-21,month_6,0.0,0.0
2026-02-21,month_7,0.0,0.0
2026-02-21,month_8,0.0,0.0
2026-02-21,month_9,0.0,0.0
2026-02-21,month_10,0.0,0.0
2026-02-21,month_11,0.0,0.0
2026-02-21,month_12,0.0,0.0
2026-02-21,day_of_week_0,0.0,0.0
2026-02-21,day_of_week_1,0.0,0.0
2026-02-21,day_of_week_2,0.0,0.0
2026-02-21,day_of_week_3,0.0,0.0
2026-02-21,day_of_week_4,0.0,0.0
2026-02-21,day_of_week_5,0.0,0.0
2026-02-21,day_of_week_6,0.0,0.0
2025-02-12,is_couple,0.0,0.0
2025-02-12,extended_stay,0.0,0.0
2025-02-12,is_weekend,0.0,0.0
2025-02-12,is_festival,0.0,0.0
2025-02-12,is_festival_eve,0.0,0.0
2025-02-12,is_long_weekend,0.0,0.0
2025-02-12,is_consecutive_holiday,0.0,0.0
2025-02-12,is_school_vacation,0.0,0.0
2025-02-12,is_local_vacation,0.0,0.0
2025-02-12,is_vacation,0.0,0.0
2025-02-12,is_peak_season,0.0,0.0
2025-02-12,is_off_season,1.0,1.0
2025-02-12,is_family,1.0,1.0
2025-02-12,is_corporate,0.0,0.0
2025-02-12,is_extended_booking,0.0,0.0
2025-02-12,is_friday_night,0.0,0.0
2025-02-12,is_saturday_day,0.0,0.0
2025-02-12,is_saturday_night,0.0,0.0
2025-02-12,is_sunday_day,0.0,0.0
2025-02-12,is_sunday_night,0.0,0.0
2025-02-12,is_holiday_bridge,0.0,0.0
2025-02-12,wedding_season,1.0,1.0
2025-02-12,is_same_day,0.0,0.0
2025-02-12,is_lead_1_3d,0.0,0.0
2025-02-12,is_lead_4_7d,0.0,0.0
2025-02-12,is_lead_8_14d,0.0,0.0
2025-02-12,is_lead_15_30d,0.0,0.0
2025-02-12,is_lead_31_60d,1.0,1.0
2025-02-12,is_lead_60d_plus,0.0,0.0
2025-02-12,person_count,6.0,6.0
2025-02-12,lead_days,34.0,34.0
2025-02-12,duration_hours,24.0,24.0
2025-02-12,effective_daily_rate,16120.0,8500.0
2025-02-12,highest_revenue_weekday,0.0,5.0
2025-02-12,highest_revenue_month,8.0,5.0
2025-02-12,weekend_premium_ratio,1.156,1.992
2025-02-12,rain_impact_ratio,0.248,0.8
2025-02-12,competitor_price,17260.0,0.0
2025-02-12,competitor_diff,8760.0,0.0
2025-02-12,days_before_festival,333.0,333.0
2025-02-12,days_after_festival,28.0,28.0
2025-02-12,slot_lag_price_1,18150.0,0.0
2025-02-12,slot_lag_price_2,16740.0,0.0
2025-02-12,days_since_last_booking,2.0,0.0
2025-02-12,rolling_price_mean_30,16044.583333333334,0.0
2025-02-12,bookings_last_7d,3.0,0.0
2025-02-12,bookings_last_30d,4.0,0.0
2025-02-12,occupancy_rate_7d,0.42857142857142855,0.0
2025-02-12,occupancy_rate_30d,0.13333333333333333,0.0
2025-02-12,booking_velocity,0.42857142857142855,0.0
2025-02-12,current_occupancy_pct,0.058333333333333334,0.35
2025-02-12,remaining_inventory,113.0,10.0
2025-02-12,booking_pace,3.2140446609361435,1.0
2025-02-12,occupancy_trend,0.2952380952380952,0.0
2025-02-12,demand_index,63.89044660936143,50.5
2025-02-12,month_slot_avg,16070.0,8500.0
2025-02-12,month_weekend_slot_avg,16070.0,8500.0
2025-02-12,month_guest_slot_avg,16350.0,8500.0
2025-02-12,month_festival_slot_avg,16070.0,8500.0
2025-02-12,month_leadtime_slot_avg,16070.0,8500.0
2025-02-12,month_weather_slot_avg,16070.0,8500.0
2025-02-12,slot_type_12H Day,0.0,0.0
2025-02-12,slot_type_12H Night,0.0,0.0
2025-02-12,slot_type_24H Day,0.0,0.0
2025-02-12,slot_type_24H Night,0.0,0.0
2025-02-12,season_monsoon,0.0,0.0
2025-02-12,season_summer,0.0,0.0
2025-02-12,season_winter,0.0,0.0
2025-02-12,weather_condition_Clear,0.0,0.0
2025-02-12,month_1,0.0,0.0
2025-02-12,month_2,0.0,0.0
2025-02-12,month_3,0.0,0.0
2025-02-12,month_4,0.0,0.0
2025-02-12,month_5,0.0,0.0
2025-02-12,month_6,0.0,0.0
2025-02-12,month_7,0.0,0.0
2025-02-12,month_8,0.0,0.0
2025-02-12,month_9,0.0,0.0
2025-02-12,month_10,0.0,0.0
2025-02-12,month_11,0.0,0.0
2025-02-12,month_12,0.0,0.0
2025-02-12,day_of_week_0,0.0,0.0
2025-02-12,day_of_week_1,0.0,0.0
2025-02-12,day_of_week_2,0.0,0.0
2025-02-12,day_of_week_3,0.0,0.0
2025-02-12,day_of_week_4,0.0,0.0
2025-02-12,day_of_week_5,0.0,0.0
2025-02-12,day_of_week_6,0.0,0.0
2026-02-09,is_couple,0.0,0.0
2026-02-09,extended_stay,0.0,0.0
2026-02-09,is_weekend,0.0,0.0
2026-02-09,is_festival,0.0,0.0
2026-02-09,is_festival_eve,0.0,0.0
2026-02-09,is_long_weekend,0.0,0.0
2026-02-09,is_consecutive_holiday,0.0,0.0
2026-02-09,is_school_vacation,0.0,0.0
2026-02-09,is_local_vacation,0.0,0.0
2026-02-09,is_vacation,0.0,0.0
2026-02-09,is_peak_season,0.0,0.0
2026-02-09,is_off_season,1.0,1.0
2026-02-09,is_family,0.0,0.0
2026-02-09,is_corporate,1.0,1.0
2026-02-09,is_extended_booking,0.0,0.0
2026-02-09,is_friday_night,0.0,0.0
2026-02-09,is_saturday_day,0.0,0.0
2026-02-09,is_saturday_night,0.0,0.0
2026-02-09,is_sunday_day,0.0,0.0
2026-02-09,is_sunday_night,0.0,0.0
2026-02-09,is_holiday_bridge,0.0,0.0
2026-02-09,wedding_season,1.0,1.0
2026-02-09,is_same_day,0.0,0.0
2026-02-09,is_lead_1_3d,0.0,0.0
2026-02-09,is_lead_4_7d,0.0,0.0
2026-02-09,is_lead_8_14d,0.0,0.0
2026-02-09,is_lead_15_30d,1.0,1.0
2026-02-09,is_lead_31_60d,0.0,0.0
2026-02-09,is_lead_60d_plus,0.0,0.0
2026-02-09,person_count,15.0,15.0
2026-02-09,lead_days,19.0,19.0
2026-02-09,duration_hours,12.0,12.0
2026-02-09,effective_daily_rate,15480.0,8500.0
2026-02-09,highest_revenue_weekday,0.0,5.0
2026-02-09,highest_revenue_month,8.0,5.0
2026-02-09,weekend_premium_ratio,1.156,1.992
2026-02-09,rain_impact_ratio,0.248,0.8
2026-02-09,competitor_price,6000.0,0.0
2026-02-09,competitor_diff,-2500.0,0.0
2026-02-09,days_before_festival,365.0,365.0
2026-02-09,days_after_festival,24.0,24.0
2026-02-09,slot_lag_price_1,6570.0,0.0
2026-02-09,slot_lag_price_2,12930.0,0.0
2026-02-09,days_since_last_booking,7.0,0.0
2026-02-09,rolling_price_mean_30,9066.0,0.0
2026-02-09,bookings_last_7d,1.0,0.0
2026-02-09,bookings_last_30d,2.0,0.0
2026-02-09,occupancy_rate_7d,0.14285714285714285,0.0
2026-02-09,occupancy_rate_30d,0.06666666666666667,0.0
2026-02-09,booking_velocity,0.14285714285714285,0.0
2026-02-09,current_occupancy_pct,0.075,0.35
2026-02-09,remaining_inventory,111.0,10.0
2026-02-09,booking_pace,2.142535762492769,1.0
2026-02-09,occupancy_trend,0.07619047619047618,0.0
2026-02-09,demand_index,53.67535762492769,50.5
2026-02-09,month_slot_avg,8113.75,8500.0
2026-02-09,month_weekend_slot_avg,8113.75,8500.0
2026-02-09,month_guest_slot_avg,8350.0,8500.0
2026-02-09,month_festival_slot_avg,8113.75,8500.0
2026-02-09,month_leadtime_slot_avg,8675.0,8500.0
2026-02-09,month_weather_slot_avg,8113.75,8500.0
2026-02-09,slot_type_12H Day,0.0,0.0
2026-02-09,slot_type_12H Night,0.0,0.0
2026-02-09,slot_type_24H Day,0.0,0.0
2026-02-09,slot_type_24H Night,0.0,0.0
2026-02-09,season_monsoon,0.0,0.0
2026-02-09,season_summer,0.0,0.0
2026-02-09,season_winter,0.0,0.0
2026-02-09,weather_condition_Clear,0.0,0.0
2026-02-09,month_1,0.0,0.0
2026-02-09,month_2,0.0,0.0
2026-02-09,month_3,0.0,0.0
2026-02-09,month_4,0.0,0.0
2026-02-09,month_5,0.0,0.0
2026-02-09,month_6,0.0,0.0
2026-02-09,month_7,0.0,0.0
2026-02-09,month_8,0.0,0.0
2026-02-09,month_9,0.0,0.0
2026-02-09,month_10,0.0,0.0
2026-02-09,month_11,0.0,0.0
2026-02-09,month_12,0.0,0.0
2026-02-09,day_of_week_0,0.0,0.0
2026-02-09,day_of_week_1,0.0,0.0
2026-02-09,day_of_week_2,0.0,0.0
2026-02-09,day_of_week_3,0.0,0.0
2026-02-09,day_of_week_4,0.0,0.0
2026-02-09,day_of_week_5,0.0,0.0
2026-02-09,day_of_week_6,0.0,0.0
2026-08-02,is_couple,0.0,0.0
2026-08-02,extended_stay,0.0,0.0
2026-08-02,is_weekend,0.0,1.0
2026-08-02,is_festival,0.0,0.0
2026-08-02,is_festival_eve,0.0,0.0
2026-08-02,is_long_weekend,0.0,0.0
2026-08-02,is_consecutive_holiday,0.0,0.0
2026-08-02,is_school_vacation,0.0,0.0
2026-08-02,is_local_vacation,0.0,0.0
2026-08-02,is_vacation,0.0,0.0
2026-08-02,is_peak_season,0.0,1.0
2026-08-02,is_off_season,0.0,0.0
2026-08-02,is_family,1.0,1.0
2026-08-02,is_corporate,0.0,0.0
2026-08-02,is_extended_booking,0.0,0.0
2026-08-02,is_friday_night,0.0,0.0
2026-08-02,is_saturday_day,0.0,0.0
2026-08-02,is_saturday_night,0.0,0.0
2026-08-02,is_sunday_day,0.0,0.0
2026-08-02,is_sunday_night,1.0,1.0
2026-08-02,is_holiday_bridge,0.0,0.0
2026-08-02,wedding_season,0.0,0.0
2026-08-02,is_same_day,0.0,0.0
2026-08-02,is_lead_1_3d,1.0,1.0
2026-08-02,is_lead_4_7d,0.0,0.0
2026-08-02,is_lead_8_14d,0.0,0.0
2026-08-02,is_lead_15_30d,0.0,0.0
2026-08-02,is_lead_31_60d,0.0,0.0
2026-08-02,is_lead_60d_plus,0.0,0.0
2026-08-02,person_count,8.0,8.0
2026-08-02,lead_days,1.0,1.0
2026-08-02,duration_hours,12.0,12.0
2026-08-02,effective_daily_rate,21280.0,8500.0
2026-08-02,demand_score,50.0,99.6
2026-08-02,highest_revenue_weekday,0.0,5.0
2026-08-02,highest_revenue_month,8.0,5.0
2026-08-02,weekend_premium_ratio,1.156,1.992
2026-08-02,rain_impact_ratio,0.248,0.8
2026-08-02,competitor_price,10170.0,0.0
2026-08-02,competitor_diff,1670.0,0.0
2026-08-02,days_before_festival,365.0,365.0
2026-08-02,days_after_festival,199.0,199.0
2026-08-02,slot_lag_price_1,10050.0,0.0
2026-08-02,slot_lag_price_2,10800.0,0.0
2026-08-02,days_since_last_booking,1.0,0.0
2026-08-02,rolling_price_mean_30,11221.0,0.0
2026-08-02,bookings_last_7d,4.0,0.0
2026-08-02,bookings_last_30d,9.0,0.0
2026-08-02,occupancy_rate_7d,0.5714285714285714,0.0
2026-08-02,occupancy_rate_30d,0.3,0.0
2026-08-02,booking_velocity,0.5714285714285714,0.0
2026-08-02,current_occupancy_pct,0.025,0.35
2026-08-02,remaining_inventory,117.0,10.0
2026-08-02,booking_pace,1.9046984148147441,1.0
2026-08-02,occupancy_trend,0.2714285714285714,0.0
2026-08-02,demand_index,39.796984148147445,60.5
2026-08-02,month_slot_avg,10147.142857142857,8500.0
2026-08-02,month_weekend_slot_avg,10147.142857142857,8500.0
2026-08-02,month_guest_slot_avg,9553.333333333334,8500.0
2026-08-02,month_festival_slot_avg,10147.142857142857,8500.0
2026-08-02,month_leadtime_slot_avg,10180.0,8500.0
2026-08-02,month_weather_slot_avg,10147.142857142857,8500.0
2026-08-02,slot_type_12H Day,0.0,0.0
2026-08-02,slot_type_12H Night,0.0,0.0
2026-08-02,slot_type_24H Day,0.0,0.0
2026-08-02,slot_type_24H Night,0.0,0.0
2026-08-02,season_monsoon,0.0,0.0
2026-08-02,season_summer,0.0,0.0
2026-08-02,season_winter,0.0,0.0
2026-08-02,weather_condition_Clear,0.0,0.0
2026-08-02,month_1,0.0,0.0
2026-08-02,month_2,0.0,0.0
2026-08-02,month_3,0.0,0.0
2026-08-02,month_4,0.0,0.0
2026-08-02,month_5,0.0,0.0
2026-08-02,month_6,0.0,0.0
2026-08-02,month_7,0.0,0.0
2026-08-02,month_8,0.0,0.0
2026-08-02,month_9,0.0,0.0
2026-08-02,month_10,0.0,0.0
2026-08-02,month_11,0.0,0.0
2026-08-02,month_12,0.0,0.0
2026-08-02,day_of_week_0,0.0,0.0
2026-08-02,day_of_week_1,0.0,0.0
2026-08-02,day_of_week_2,0.0,0.0
2026-08-02,day_of_week_3,0.0,0.0
2026-08-02,day_of_week_4,0.0,0.0
2026-08-02,day_of_week_5,0.0,0.0
2026-08-02,day_of_week_6,0.0,0.0
2024-10-24,is_couple,0.0,0.0
2024-10-24,extended_stay,0.0,0.0
2024-10-24,is_weekend,0.0,0.0
2024-10-24,is_festival,0.0,0.0
2024-10-24,is_festival_eve,0.0,0.0
2024-10-24,is_long_weekend,0.0,0.0
2024-10-24,is_consecutive_holiday,0.0,0.0
2024-10-24,is_school_vacation,1.0,1.0
2024-10-24,is_local_vacation,1.0,1.0
2024-10-24,is_vacation,0.0,0.0
2024-10-24,is_peak_season,0.0,0.0
2024-10-24,is_off_season,0.0,0.0
2024-10-24,is_family,0.0,0.0
2024-10-24,is_corporate,1.0,1.0
2024-10-24,is_extended_booking,0.0,0.0
2024-10-24,is_friday_night,0.0,0.0
2024-10-24,is_saturday_day,0.0,0.0
2024-10-24,is_saturday_night,0.0,0.0
2024-10-24,is_sunday_day,0.0,0.0
2024-10-24,is_sunday_night,0.0,0.0
2024-10-24,is_holiday_bridge,0.0,0.0
2024-10-24,wedding_season,0.0,0.0
2024-10-24,is_same_day,1.0,1.0
2024-10-24,is_lead_1_3d,0.0,0.0
2024-10-24,is_lead_4_7d,0.0,0.0
2024-10-24,is_lead_8_14d,0.0,0.0
2024-10-24,is_lead_15_30d,0.0,0.0
2024-10-24,is_lead_31_60d,0.0,0.0
2024-10-24,is_lead_60d_plus,0.0,0.0
2024-10-24,person_count,19.0,19.0
2024-10-24,lead_days,0.0,0.0
2024-10-24,duration_hours,12.0,12.0
2024-10-24,effective_daily_rate,22920.0,8500.0
2024-10-24,highest_revenue_weekday,0.0,5.0
2024-10-24,highest_revenue_month,8.0,5.0
2024-10-24,weekend_premium_ratio,1.156,1.992
2024-10-24,rain_impact_ratio,0.248,0.8
2024-10-24,competitor_price,11120.0,0.0
2024-10-24,competitor_diff,2620.0,0.0
2024-10-24,days_before_festival,6.0,6.0
2024-10-24,days_after_festival,282.0,282.0
2024-10-24,slot_lag_price_1,6780.0,0.0
2024-10-24,slot_lag_price_2,7860.0,0.0
2024-10-24,days_since_last_booking,9.0,0.0
2024-10-24,rolling_price_mean_30,8560.0,0.0
2024-10-24,bookings_last_7d,1.0,0.0
2024-10-24,bookings_last_30d,5.0,0.0
2024-10-24,occupancy_rate_7d,0.14285714285714285,0.0
2024-10-24,occupancy_rate_30d,0.16666666666666666,0.0
2024-10-24,booking_velocity,0.14285714285714285,0.0
2024-10-24,current_occupancy_pct,0.041666666666666664,0.35
2024-10-24,remaining_inventory,115.0,10.0
2024-10-24,booking_pace,0.8570914316569577,1.0
2024-10-24,occupancy_trend,-0.023809523809523808,0.0
2024-10-24,demand_index,29.820914316569578,40.5
2024-10-24,month_slot_avg,10730.0,8500.0
2024-10-24,month_weekend_slot_avg,10730.0,8500.0
2024-10-24,month_guest_slot_avg,10730.0,8500.0
2024-10-24,month_festival_slot_avg,10730.0,8500.0
2024-10-24,month_leadtime_slot_avg,10730.0,8500.0
2024-10-24,month_weather_slot_avg,10730.0,8500.0
2024-10-24,slot_type_12H Day,0.0,0.0
2024-10-24,slot_type_12H Night,0.0,0.0
2024-10-24,slot_type_24H Day,0.0,0.0
2024-10-24,slot_type_24H Night,0.0,0.0
2024-10-24,season_monsoon,0.0,0.0
2024-10-24,season_summer,0.0,0.0
2024-10-24,season_winter,0.0,0.0
2024-10-24,weather_condition_Clear,0.0,0.0
2024-10-24,month_1,0.0,0.0
2024-10-24,month_2,0.0,0.0
2024-10-24,month_3,0.0,0.0
2024-10-24,month_4,0.0,0.0
2024-10-24,month_5,0.0,0.0
2024-10-24,month_6,0.0,0.0
2024-10-24,month_7,0.0,0.0
2024-10-24,month_8,0.0,0.0
2024-10-24,month_9,0.0,0.0
2024-10-24,month_10,0.0,0.0
2024-10-24,month_11,0.0,0.0
2024-10-24,month_12,0.0,0.0
2024-10-24,day_of_week_0,0.0,0.0
2024-10-24,day_of_week_1,0.0,0.0
2024-10-24,day_of_week_2,0.0,0.0
2024-10-24,day_of_week_3,0.0,0.0
2024-10-24,day_of_week_4,0.0,0.0
2024-10-24,day_of_week_5,0.0,0.0
2024-10-24,day_of_week_6,0.0,0.0
2024-11-04,is_couple,1.0,1.0
2024-11-04,extended_stay,0.0,0.0
2024-11-04,is_weekend,0.0,0.0
2024-11-04,is_festival,0.0,0.0
2024-11-04,is_festival_eve,0.0,0.0
2024-11-04,is_long_weekend,0.0,0.0
2024-11-04,is_consecutive_holiday,0.0,0.0
2024-11-04,is_school_vacation,0.0,0.0
2024-11-04,is_local_vacation,0.0,0.0
2024-11-04,is_vacation,0.0,0.0
2024-11-04,is_peak_season,0.0,0.0
2024-11-04,is_off_season,1.0,1.0
2024-11-04,is_family,0.0,0.0
2024-11-04,is_corporate,0.0,0.0
2024-11-04,is_extended_booking,0.0,0.0
2024-11-04,is_friday_night,0.0,0.0
2024-11-04,is_saturday_day,0.0,0.0
2024-11-04,is_saturday_night,0.0,0.0
2024-11-04,is_sunday_day,0.0,0.0
2024-11-04,is_sunday_night,0.0,0.0
2024-11-04,is_holiday_bridge,0.0,0.0
2024-11-04,wedding_season,1.0,1.0
2024-11-04,is_same_day,0.0,0.0
2024-11-04,is_lead_1_3d,0.0,0.0
2024-11-04,is_lead_4_7d,0.0,0.0
2024-11-04,is_lead_8_14d,0.0,0.0
2024-11-04,is_lead_15_30d,0.0,0.0
2024-11-04,is_lead_31_60d,1.0,1.0
2024-11-04,is_lead_60d_plus,0.0,0.0
2024-11-04,person_count,2.0,2.0
2024-11-04,lead_days,34.0,34.0
2024-11-04,duration_hours,12.0,12.0
2024-11-04,effective_daily_rate,12340.0,8500.0
2024-11-04,highest_revenue_weekday,0.0,5.0
2024-11-04,highest_revenue_month,8.0,5.0
2024-11-04,weekend_premium_ratio,1.156,1.992
2024-11-04,rain_impact_ratio,0.248,0.8
2024-11-04,competitor_price,5520.0,0.0
2024-11-04,competitor_diff,-2980.0,0.0
2024-11-04,days_before_festival,69.0,69.0
2024-11-04,days_after_festival,0.0,0.0
2024-11-04,slot_lag_price_1,11460.0,0.0
2024-11-04,slot_lag_price_2,6780.0,0.0
2024-11-04,days_since_last_booking,4.0,0.0
2024-11-04,rolling_price_mean_30,8218.57142857143,0.0
2024-11-04,bookings_last_7d,2.0,0.0
2024-11-04,bookings_last_30d,6.0,0.0
2024-11-04,occupancy_rate_7d,0.2857142857142857,0.0
2024-11-04,occupancy_rate_30d,0.2,0.0
2024-11-04,booking_velocity,0.2857142857142857,0.0
2024-11-04,current_occupancy_pct,0.058333333333333334,0.35
2024-11-04,remaining_inventory,113.0,10.0
2024-11-04,booking_pace,1.4285000035712498,1.0
2024-11-04,occupancy_trend,0.08571428571428569,0.0
2024-11-04,demand_index,46.0350000357125,50.5
2024-11-04,month_slot_avg,8170.0,8500.0
2024-11-04,month_weekend_slot_avg,7696.666666666667,8500.0
2024-11-04,month_guest_slot_avg,7590.0,8500.0
2024-11-04,month_festival_slot_avg,8170.0,8500.0
2024-11-04,month_leadtime_slot_avg,8170.0,8500.0
2024-11-04,month_weather_slot_avg,8170.0,8500.0
2024-11-04,slot_type_12H Day,0.0,0.0
2024-11-04,slot_type_12H Night,0.0,0.0
2024-11-04,slot_type_24H Day,0.0,0.0
2024-11-04,slot_type_24H Night,0.0,0.0
2024-11-04,season_monsoon,0.0,0.0
2024-11-04,season_summer,0.0,0.0
2024-11-04,season_winter,0.0,0.0
2024-11-04,weather_condition_Clear,0.0,0.0
2024-11-04,month_1,0.0,0.0
2024-11-04,month_2,0.0,0.0
2024-11-04,month_3,0.0,0.0
2024-11-04,month_4,0.0,0.0
2024-11-04,month_5,0.0,0.0
2024-11-04,month_6,0.0,0.0
2024-11-04,month_7,0.0,0.0
2024-11-04,month_8,0.0,0.0
2024-11-04,month_9,0.0,0.0
2024-11-04,month_10,0.0,0.0
2024-11-04,month_11,0.0,0.0
2024-11-04,month_12,0.0,0.0
2024-11-04,day_of_week_0,0.0,0.0
2024-11-04,day_of_week_1,0.0,0.0
2024-11-04,day_of_week_2,0.0,0.0
2024-11-04,day_of_week_3,0.0,0.0
2024-11-04,day_of_week_4,0.0,0.0
2024-11-04,day_of_week_5,0.0,0.0
2024-11-04,day_of_week_6,0.0,0.0
2024-09-14,is_couple,0.0,0.0
2024-09-14,extended_stay,1.0,0.0
2024-09-14,is_weekend,1.0,1.0
2024-09-14,is_festival,0.0,0.0
2024-09-14,is_festival_eve,0.0,0.0
2024-09-14,is_long_weekend,0.0,0.0
2024-09-14,is_consecutive_holiday,0.0,0.0
2024-09-14,is_school_vacation,0.0,0.0
2024-09-14,is_local_vacation,0.0,0.0
2024-09-14,is_vacation,0.0,0.0
2024-09-14,is_peak_season,1.0,1.0
2024-09-14,is_off_season,0.0,0.0
2024-09-14,is_family,0.0,0.0
2024-09-14,is_corporate,1.0,1.0
2024-09-14,is_extended_booking,1.0,0.0
2024-09-14,is_friday_night,0.0,0.0
2024-09-14,is_saturday_day,0.0,0.0
2024-09-14,is_saturday_night,1.0,1.0
2024-09-14,is_sunday_day,0.0,0.0
2024-09-14,is_sunday_night,0.0,0.0
2024-09-14,is_holiday_bridge,0.0,0.0
2024-09-14,wedding_season,0.0,0.0
2024-09-14,is_same_day,0.0,0.0
2024-09-14,is_lead_1_3d,0.0,0.0
2024-09-14,is_lead_4_7d,1.0,1.0
2024-09-14,is_lead_8_14d,0.0,0.0
2024-09-14,is_lead_15_30d,0.0,0.0
2024-09-14,is_lead_31_60d,0.0,0.0
2024-09-14,is_lead_60d_plus,0.0,0.0
2024-09-14,person_count,18.0,18.0
2024-09-14,lead_days,4.0,4.0
2024-09-14,duration_hours,36.0,24.0
2024-09-14,commercial_units,1.5,1.0
2024-09-14,hours_over_24,12.0,0.0
2024-09-14,effective_daily_rate,7302.22,8500.0
2024-09-14,extended_discount_ratio,0.95,1.0
2024-09-14,demand_score,57.8,99.6
2024-09-14,highest_revenue_weekday,0.0,5.0
2024-09-14,highest_revenue_month,8.0,5.0
2024-09-14,weekend_premium_ratio,1.156,1.992
2024-09-14,rain_impact_ratio,0.248,0.8
2024-09-14,competitor_price,15990.0,0.0
2024-09-14,competitor_diff,7490.0,0.0
2024-09-14,days_before_festival,45.0,45.0
2024-09-14,days_after_festival,243.0,243.0
2024-09-14,slot_lag_price_1,16650.0,0.0
2024-09-14,slot_lag_price_2,8500.0,0.0
2024-09-14,rolling_price_mean_30,13801.666666666668,0.0
2024-09-14,bookings_last_7d,2.0,0.0
2024-09-14,bookings_last_30d,9.0,0.0
2024-09-14,occupancy_rate_7d,0.2857142857142857,0.0
2024-09-14,occupancy_rate_30d,0.3,0.0
2024-09-14,booking_velocity,0.2857142857142857,0.0
2024-09-14,current_occupancy_pct,0.041666666666666664,0.35
2024-09-14,remaining_inventory,115.0,10.0
2024-09-14,booking_pace,0.9523492074073721,1.0
2024-09-14,occupancy_trend,-0.01428571428571429,0.0
2024-09-14,demand_index,50.77349207407372,60.5
2024-09-14,month_slot_avg,15917.460317460318,8500.0
2024-09-14,month_weekend_slot_avg,15917.460317460318,8500.0
2024-09-14,month_guest_slot_avg,15917.460317460318,8500.0
2024-09-14,month_festival_slot_avg,15917.460317460318,8500.0
2024-09-14,month_leadtime_slot_avg,15917.460317460318,8500.0
2024-09-14,month_weather_slot_avg,15917.460317460318,8500.0
2024-09-14,slot_type_12H Day,0.0,0.0
2024-09-14,slot_type_12H Night,0.0,0.0
2024-09-14,slot_type_24H Day,0.0,0.0
2024-09-14,slot_type_24H Night,0.0,0.0
2024-09-14,season_monsoon,0.0,0.0
2024-09-14,season_summer,0.0,0.0
2024-09-14,season_winter,0.0,0.0
2024-09-14,weather_condition_Clear,0.0,0.0
2024-09-14,month_1,0.0,0.0
2024-09-14,month_2,0.0,0.0
2024-09-14,month_3,0.0,0.0
2024-09-14,month_4,0.0,0.0
2024-09-14,month_5,0.0,0.0
2024-09-14,month_6,0.0,0.0
2024-09-14,month_7,0.0,0.0
2024-09-14,month_8,0.0,0.0
2024-09-14,month_9,0.0,0.0
2024-09-14,month_10,0.0,0.0
2024-09-14,month_11,0.0,0.0
2024-09-14,month_12,0.0,0.0
2024-09-14,day_of_week_0,0.0,0.0
2024-09-14,day_of_week_1,0.0,0.0
2024-09-14,day_of_week_2,0.0,0.0
2024-09-14,day_of_week_3,0.0,0.0
2024-09-14,day_of_week_4,0.0,0.0
2024-09-14,day_of_week_5,0.0,0.0
2024-09-14,day_of_week_6,0.0,0.0
2026-06-19,is_couple,0.0,0.0
2026-06-19,extended_stay,0.0,0.0
2026-06-19,is_weekend,0.0,0.0
2026-06-19,is_festival,0.0,0.0
2026-06-19,is_festival_eve,0.0,0.0
2026-06-19,is_long_weekend,0.0,0.0
2026-06-19,is_consecutive_holiday,0.0,0.0
2026-06-19,is_school_vacation,0.0,0.0
2026-06-19,is_local_vacation,0.0,0.0
2026-06-19,is_vacation,0.0,0.0
2026-06-19,is_peak_season,0.0,0.0
2026-06-19,is_off_season,0.0,0.0
2026-06-19,is_family,0.0,0.0
2026-06-19,is_corporate,1.0,1.0
2026-06-19,is_extended_booking,0.0,0.0
2026-06-19,is_friday_night,0.0,0.0
2026-06-19,is_saturday_day,0.0,0.0
2026-06-19,is_saturday_night,0.0,0.0
2026-06-19,is_sunday_day,0.0,0.0
2026-06-19,is_sunday_night,0.0,0.0
2026-06-19,is_holiday_bridge,0.0,0.0
2026-06-19,wedding_season,0.0,0.0
2026-06-19,is_same_day,0.0,0.0
2026-06-19,is_lead_1_3d,1.0,1.0
2026-06-19,is_lead_4_7d,0.0,0.0
2026-06-19,is_lead_8_14d,0.0,0.0
2026-06-19,is_lead_15_30d,0.0,0.0
2026-06-19,is_lead_31_60d,0.0,0.0
2026-06-19,is_lead_60d_plus,0.0,0.0
2026-06-19,person_count,14.0,14.0
2026-06-19,lead_days,1.0,1.0
2026-06-19,duration_hours,12.0,12.0
2026-06-19,effective_daily_rate,17540.0,8500.0
2026-06-19,highest_revenue_weekday,0.0,5.0
2026-06-19,highest_revenue_month,8.0,5.0
2026-06-19,weekend_premium_ratio,1.156,1.992
2026-06-19,rain_impact_ratio,0.248,0.8
2026-06-19,competitor_price,8260.0,0.0
2026-06-19,competitor_diff,-240.0,0.0
2026-06-19,days_before_festival,365.0,365.0
2026-06-19,days_after_festival,154.0,154.0
2026-06-19,slot_lag_price_1,11880.0,0.0
2026-06-19,slot_lag_price_2,8050.0,0.0
2026-06-19,days_since_last_booking,2.0,0.0
2026-06-19,rolling_price_mean_30,9126.0,0.0
2026-06-19,bookings_last_7d,2.0,0.0
2026-06-19,bookings_last_30d,5.0,0.0
2026-06-19,occupancy_rate_7d,0.2857142857142857,0.0
2026-06-19,occupancy_rate_30d,0.16666666666666666,0.0
2026-06-19,booking_velocity,0.2857142857142857,0.0
2026-06-19,current_occupancy_pct,0.041666666666666664,0.35
2026-06-19,remaining_inventory,115.0,10.0
2026-06-19,booking_pace,1.7141828633139153,1.0
2026-06-19,occupancy_trend,0.11904761904761904,0.0
2026-06-19,demand_index,38.391828633139156,40.5
2026-06-19,month_slot_avg,8460.0,8500.0
2026-06-19,month_weekend_slot_avg,8460.0,8500.0
2026-06-19,month_guest_slot_avg,8460.0,8500.0
2026-06-19,month_festival_slot_avg,8460.0,8500.0
2026-06-19,month_leadtime_slot_avg,8370.0,8500.0
2026-06-19,month_weather_slot_avg,8460.0,8500.0
2026-06-19,slot_type_12H Day,0.0,0.0
2026-06-19,slot_type_12H Night,0.0,0.0
2026-06-19,slot_type_24H Day,0.0,0.0
2026-06-19,slot_type_24H Night,0.0,0.0
2026-06-19,season_monsoon,0.0,0.0
2026-06-19,season_summer,0.0,0.0
2026-06-19,season_winter,0.0,0.0
2026-06-19,weather_condition_Clear,0.0,0.0
2026-06-19,month_1,0.0,0.0
2026-06-19,month_2,0.0,0.0
2026-06-19,month_3,0.0,0.0
2026-06-19,month_4,0.0,0.0
2026-06-19,month_5,0.0,0.0
2026-06-19,month_6,0.0,0.0
2026-06-19,month_7,0.0,0.0
2026-06-19,month_8,0.0,0.0
2026-06-19,month_9,0.0,0.0
2026-06-19,month_10,0.0,0.0
2026-06-19,month_11,0.0,0.0
2026-06-19,month_12,0.0,0.0
2026-06-19,day_of_week_0,0.0,0.0
2026-06-19,day_of_week_1,0.0,0.0
2026-06-19,day_of_week_2,0.0,0.0
2026-06-19,day_of_week_3,0.0,0.0
2026-06-19,day_of_week_4,0.0,0.0
2026-06-19,day_of_week_5,0.0,0.0
2026-06-19,day_of_week_6,0.0,0.0
