selling_price,booking_date,commercial_slot,person_count,lead_days,competitor_price,month,year,day_of_week,is_weekend,is_festival,festival_name,is_festival_eve,is_vacation,season,season_monsoon,season_summer,season_winter,is_peak_season,is_off_season,slot_capacity_hours,duration_hours,slot_utilization_ratio,opportunity_cost_factor,is_couple,is_family,is_corporate,lead_time_cat,temperature,rain_probability,humidity,demand_score
3500,2023-12-01,24H_NIGHT,4,7,0.0,12,2023,4,0,0,,0,1,Winter,0,0,1,1,1,24.0,24.0,1.0,1.0,0,1,0,Standard,26.0,20.0,60.0,60.0
4800,2023-12-02,24H_NIGHT,4,7,0.0,12,2023,5,1,0,,0,1,Winter,0,0,1,1,0,24.0,24.0,1.0,1.0,0,1,0,Standard,26.0,20.0,60.0,80.0
2000,2023-12-04,COUPLE_DAY,4,7,0.0,12,2023,0,0,0,,0,1,Winter,0,0,1,1,1,12.0,12.0,1.0,1.0,0,1,0,Standard,26.0,20.0,60.0,60.0
5000,2023-12-09,24H_NIGHT,4,7,0.0,12,2023,5,1,0,,0,1,Winter,0,0,1,1,0,24.0,24.0,1.0,1.0,0,1,0,Standard,26.0,20.0,60.0,80.0
2800,2023-12-12,12H_DAY,4,7,0.0,12,2023,1,0,0,,0,1,Winter,0,0,1,1,1,12.0,12.0,1.0,1.0,0,1,0,Standard,26.0,20.0,60.0,60.0
2000,2023-12-14,COUPLE_DAY,4,7,0.0,12,2023,3,0,0,,0,1,Winter,0,0,1,1,1,12.0,12.0,1.0,1.0,0,1,0,Standard,26.0,20.0,60.0,60.0
1200,2023-12-15,COUPLE_DAY,4,7,0.0,12,2023,4,0,0,,0,1,Winter,0,0,1,1,1,12.0,12.0,1.0,1.0,0,1,0,Standard,26.0,20.0,60.0,60.0
2000,2023-12-18,COUPLE_DAY,4,7,0.0,12,2023,0,0,0,,0,1,Winter,0,0,1,1,1,12.0,12.0,1.0,1.0,0,1,0,Standard,26.0,20.0,60.0,60.0
2500,2023-12-18,12H_NIGHT,4,7,0.0,12,2023,0,0,0,,0,1,Winter,0,0,1,1,1,12.0,12.0,1.0,1.0,0,1,0,Standard,26.0,20.0,60.0,60.0
2700,2023-12-20,COUPLE_DAY,4,7,0.0,12,2023,2,0,0,,0,1,Winter,0,0,1,1,1,12.0,12.0,1.0,1.0,0,1,0,Standard,26.0,20.0,60.0,60.0
3300,2023-12-21,12H_DAY,4,7,0.0,12,2023,3,0,0,,0,1,Winter,0,0,1,1,1,12.0,12.0,1.0,1.0,0,1,0,Standard,26.0,20.0,60.0,60.0
2000,2023-12-22,COUPLE_DAY,4,7,0.0,12,2023,4,0,0,,0,1,Winter,0,0,1,1,1,12.0,12.0,1.0,1.0,0,1,0,Standard,26.0,20.0,60.0,60.0
2800,2023-12-23,12H_DAY,4,7,0.0,12,2023,5,1,0,,0,1,Winter,0,0,1,1,0,12.0,12.0,1.0,1.0,0,1,0,Standard,26.0,20.0,60.0,80.0
4500,2023-12-23,24H_NIGHT,4,7,0.0,12,2023,5,1,0,,0,1,Winter,0,0,1,1,0,24.0,24.0,1.0,1.0,0,1,0,Standard,26.0,20.0,60.0,80.0
2500,2023-12-27,12H_DAY,4,7,0.0,12,2023,2,0,0,,0,1,Winter,0,0,1,1,1,12.0,12.0,1.0,1.0,0,1,0,Standard,26.0,20.0,60.0,60.0
2500,2023-12-28,12H_NIGHT,4,7,0.0,12,2023,3,0,0,,0,1,Winter,0,0,1,1,1,12.0,12.0,1.0,1.0,0,1,0,Standard,26.0,20.0,60.0,60.0
2500,2023-12-29,12H_DAY,4,7,0.0,12,2023,4,0,0,,0,1,Winter,0,0,1,1,1,12.0,12.0,1.0,1.0,0,1,0,Standard,26.0,20.0,60.0,60.0
1500,2023-12-30,COUPLE_DAY,4,7,0.0,12,2023,5,1,0,,0,1,Winter,0,0,1,1,0,12.0,12.0,1.0,1.0,0,1,0,Standard,26.0,20.0,60.0,80.0
1500,2024-01-02,COUPLE_DAY,4,7,0.0,1,2024,1,0,0,,0,1,Winter,0,0,1,1,1,12.0,12.0,1.0,1.0,0,1,0,Standard,26.0,20.0,60.0,60.0
8500,2024-01-03,COUPLE_DAY,4,7,0.0,1,2024,2,0,0,,0,1,Winter,0,0,1,1,1,12.0,12.0,1.0,1.0,0,1,0,Standard,26.0,20.0,60.0,60.0
3000,2024-01-05,24H_NIGHT,4,7,0.0,1,2024,4,0,0,,0,1,Winter,0,0,1,1,1,24.0,24.0,1.0,1.0,0,1,0,Standard,26.0,20.0,60.0,60.0
3000,2024-01-06,12H_NIGHT,4,7,0.0,1,2024,5,1,0,,0,1,Winter,0,0,1,1,0,12.0,12.0,1.0,1.0,0,1,0,Standard,26.0,20.0,60.0,80.0
2500,2024-01-08,12H_DAY,4,7,0.0,1,2024,0,0,0,,0,1,Winter,0,0,1,1,1,12.0,12.0,1.0,1.0,0,1,0,Standard,26.0,20.0,60.0,60.0
2000,2024-01-09,COUPLE_DAY,4,7,0.0,1,2024,1,0,0,,0,1,Winter,0,0,1,1,1,12.0,12.0,1.0,1.0,0,1,0,Standard,26.0,20.0,60.0,60.0
2500,2024-01-10,COUPLE_DAY,4,7,0.0,1,2024,2,0,0,,0,1,Winter,0,0,1,1,1,12.0,12.0,1.0,1.0,0,1,0,Standard,26.0,20.0,60.0,60.0
4000,2024-01-10,24H_NIGHT,4,7,0.0,1,2024,2,0,0,,0,1,Winter,0,0,1,1,1,24.0,24.0,1.0,1.0,0,1,0,Standard,26.0,20.0,60.0,60.0
4500,2024-01-13,COUPLE_DAY,4,7,0.0,1,2024,5,1,0,,0,1,Winter,0,0,1,1,0,12.0,12.0,1.0,1.0,0,1,0,Standard,26.0,20.0,60.0,80.0
10000,2024-01-14,COUPLE_DAY,4,7,0.0,1,2024,6,1,1,Makar Sankranti,0,1,Winter,0,0,1,1,0,12.0,12.0,1.0,1.0,0,1,0,Standard,26.0,20.0,60.0,100.0
2200,2024-01-17,12H_DAY,4,7,0.0,1,2024,2,0,0,,0,1,Winter,0,0,1,1,1,12.0,12.0,1.0,1.0,0,1,0,Standard,26.0,20.0,60.0,60.0
2200,2024-01-18,COUPLE_DAY,4,7,0.0,1,2024,3,0,0,,0,1,Winter,0,0,1,1,1,12.0,12.0,1.0,1.0,0,1,0,Standard,26.0,20.0,60.0,60.0
3000,2024-01-21,24H_NIGHT,4,7,0.0,1,2024,6,1,0,,0,1,Winter,0,0,1,1,0,24.0,24.0,1.0,1.0,0,1,0,Standard,26.0,20.0,60.0,80.0
2500,2024-01-22,COUPLE_DAY,4,7,0.0,1,2024,0,0,0,,0,1,Winter,0,0,1,1,1,12.0,12.0,1.0,1.0,0,1,0,Standard,26.0,20.0,60.0,60.0
2200,2024-01-24,12H_DAY,4,7,0.0,1,2024,2,0,0,,0,1,Winter,0,0,1,1,1,12.0,12.0,1.0,1.0,0,1,0,Standard,26.0,20.0,60.0,60.0
1500,2024-01-25,COUPLE_DAY,4,7,0.0,1,2024,3,0,0,,0,1,Winter,0,0,1,1,1,12.0,12.0,1.0,1.0,0,1,0,Standard,26.0,20.0,60.0,60.0
3500,2024-01-26,24H_NIGHT,4,7,0.0,1,2024,4,0,1,Republic Day,0,1,Winter,0,0,1,1,0,24.0,24.0,1.0,1.0,0,1,0,Standard,26.0,20.0,60.0,85.0
6000,2024-01-27,24H_NIGHT,4,7,0.0,1,2024,5,1,0,,0,1,Winter,0,0,1,1,0,24.0,24.0,1.0,1.0,0,1,0,Standard,26.0,20.0,60.0,80.0
8000,2024-01-30,COUPLE_DAY,4,7,0.0,1,2024,1,0,0,,0,1,Winter,0,0,1,1,1,12.0,12.0,1.0,1.0,0,1,0,Standard,26.0,20.0,60.0,60.0
3000,2024-02-03,12H_NIGHT,4,7,0.0,2,2024,5,1,0,,0,0,Winter,0,0,1,1,0,12.0,12.0,1.0,1.0,0,1,0,Standard,26.0,20.0,60.0,70.0
3300,2024-02-04,12H_DAY,4,7,0.0,2,2024,6,1,0,,0,0,Winter,0,0,1,1,0,12.0,12.0,1.0,1.0,0,1,0,Standard,26.0,20.0,60.0,70.0
2500,2024-02-06,12H_DAY,4,7,0.0,2,2024,1,0,0,,0,0,Winter,0,0,1,0,1,12.0,12.0,1.0,1.0,0,1,0,Standard,26.0,20.0,60.0,50.0
2200,2024-02-06,12H_NIGHT,4,7,0.0,2,2024,1,0,0,,0,0,Winter,0,0,1,0,1,12.0,12.0,1.0,1.0,0,1,0,Standard,26.0,20.0,60.0,50.0
2000,2024-02-07,COUPLE_DAY,4,7,0.0,2,2024,2,0,0,,0,0,Winter,0,0,1,0,1,12.0,12.0,1.0,1.0,0,1,0,Standard,26.0,20.0,60.0,50.0
2000,2024-02-08,COUPLE_DAY,4,7,0.0,2,2024,3,0,0,,0,0,Winter,0,0,1,0,1,12.0,12.0,1.0,1.0,0,1,0,Standard,26.0,20.0,60.0,50.0
2000,2024-02-09,COUPLE_DAY,4,7,0.0,2,2024,4,0,0,,0,0,Winter,0,0,1,0,1,12.0,12.0,1.0,1.0,0,1,0,Standard,26.0,20.0,60.0,50.0
4500,2024-02-10,24H_NIGHT,4,7,0.0,2,2024,5,1,0,,0,0,Winter,0,0,1,1,0,24.0,24.0,1.0,1.0,0,1,0,Standard,26.0,20.0,60.0,70.0
7000,2024-02-12,COUPLE_DAY,4,7,0.0,2,2024,0,0,0,,0,0,Winter,0,0,1,0,1,12.0,12.0,1.0,1.0,0,1,0,Standard,26.0,20.0,60.0,50.0
2500,2024-02-15,12H_DAY,4,7,0.0,2,2024,3,0,0,,0,0,Winter,0,0,1,0,1,12.0,12.0,1.0,1.0,0,1,0,Standard,26.0,20.0,60.0,50.0
2700,2024-02-16,COUPLE_DAY,4,7,0.0,2,2024,4,0,0,,0,0,Winter,0,0,1,0,1,12.0,12.0,1.0,1.0,0,1,0,Standard,26.0,20.0,60.0,50.0
6000,2024-02-17,24H_NIGHT,4,7,0.0,2,2024,5,1,0,,0,0,Winter,0,0,1,1,0,24.0,24.0,1.0,1.0,0,1,0,Standard,26.0,20.0,60.0,70.0
2000,2024-02-20,COUPLE_DAY,4,7,0.0,2,2024,1,0,0,,0,0,Winter,0,0,1,0,1,12.0,12.0,1.0,1.0,0,1,0,Standard,26.0,20.0,60.0,50.0
1700,2024-02-21,12H_DAY,4,7,0.0,2,2024,2,0,0,,0,0,Winter,0,0,1,0,1,12.0,12.0,1.0,1.0,0,1,0,Standard,26.0,20.0,60.0,50.0
3000,2024-02-21,24H_NIGHT,4,7,0.0,2,2024,2,0,0,,0,0,Winter,0,0,1,0,1,24.0,24.0,1.0,1.0,0,1,0,Standard,26.0,20.0,60.0,50.0
4000,2024-02-22,24H_NIGHT,4,7,0.0,2,2024,3,0,0,,0,0,Winter,0,0,1,0,1,24.0,24.0,1.0,1.0,0,1,0,Standard,26.0,20.0,60.0,50.0
5000,2024-02-24,24H_NIGHT,4,7,0.0,2,2024,5,1,0,,0,0,Winter,0,0,1,1,0,24.0,24.0,1.0,1.0,0,1,0,Standard,26.0,20.0,60.0,70.0
2000,2024-02-26,12H_DAY,4,7,0.0,2,2024,0,0,0,,0,0,Winter,0,0,1,0,1,12.0,12.0,1.0,1.0,0,1,0,Standard,26.0,20.0,60.0,50.0
1700,2024-02-29,12H_DAY,4,7,0.0,2,2024,3,0,0,,0,0,Winter,0,0,1,0,1,12.0,12.0,1.0,1.0,0,1,0,Standard,26.0,20.0,60.0,50.0
2000,2024-02-29,12H_NIGHT,4,7,0.0,2,2024,3,0,0,,0,0,Winter,0,0,1,0,1,12.0,12.0,1.0,1.0,0,1,0,Standard,26.0,20.0,60.0,50.0
3200,2024-03-01,24H_DAY,4,7,0.0,3,2024,4,0,0,,0,0,Summer,0,1,0,1,0,24.0,24.0,1.0,1.0,0,1,0,Standard,26.0,20.0,60.0,50.0
3500,2024-03-02,12H_DAY,4,7,0.0,3,2024,5,1,0,,0,0,Summer,0,1,0,1,0,12.0,12.0,1.0,1.0,0,1,0,Standard,26.0,20.0,60.0,70.0
5500,2024-03-02,24H_NIGHT,4,7,0.0,3,2024,5,1,0,,0,0,Summer,0,1,0,1,0,24.0,24.0,1.0,1.0,0,1,0,Standard,26.0,20.0,60.0,70.0
4500,2024-03-03,24H_NIGHT,4,7,0.0,3,2024,6,1,0,,0,0,Summer,0,1,0,1,0,24.0,24.0,1.0,1.0,0,1,0,Standard,26.0,20.0,60.0,70.0
3000,2024-03-05,12H_DAY,4,7,0.0,3,2024,1,0,1,Dhuleti,0,0,Summer,0,1,0,1,0,12.0,12.0,1.0,1.0,0,1,0,Standard,26.0,20.0,60.0,75.0
5500,2024-03-09,24H_NIGHT,4,7,0.0,3,2024,5,1,1,Dhuleti,0,0,Summer,0,1,0,1,0,24.0,24.0,1.0,1.0,0,1,0,Standard,26.0,20.0,60.0,95.0
3000,2024-03-14,12H_DAY,4,7,0.0,3,2024,3,0,1,Holi,0,0,Summer,0,1,0,1,0,12.0,12.0,1.0,1.0,0,1,0,Standard,26.0,20.0,60.0,75.0
3000,2024-03-15,COUPLE_DAY,4,7,0.0,3,2024,4,0,1,Dhuleti,0,0,Summer,0,1,0,1,0,12.0,12.0,1.0,1.0,0,1,0,Standard,26.0,20.0,60.0,75.0
4500,2024-03-15,24H_NIGHT,4,7,0.0,3,2024,4,0,1,Dhuleti,0,0,Summer,0,1,0,1,0,24.0,24.0,1.0,1.0,0,1,0,Standard,26.0,20.0,60.0,75.0
6000,2024-03-16,24H_NIGHT,4,7,0.0,3,2024,5,1,0,,0,0,Summer,0,1,0,1,0,24.0,24.0,1.0,1.0,0,1,0,Standard,26.0,20.0,60.0,70.0
4000,2024-03-17,24H_NIGHT,4,7,0.0,3,2024,6,1,0,,0,0,Summer,0,1,0,1,0,24.0,24.0,1.0,1.0,0,1,0,Standard,26.0,20.0,60.0,70.0
2250,2024-03-19,COUPLE_DAY,4,7,0.0,3,2024,1,0,0,,0,0,Summer,0,1,0,1,0,12.0,12.0,1.0,1.0,0,1,0,Standard,26.0,20.0,60.0,50.0
4000,2024-03-20,24H_NIGHT,4,7,0.0,3,2024,2,0,1,Ram Navami,0,0,Summer,0,1,0,1,0,24.0,24.0,1.0,1.0,0,1,0,Standard,26.0,20.0,60.0,75.0
6000,2024-03-22,24H_DAY,4,7,0.0,3,2024,4,0,0,,0,0,Summer,0,1,0,1,0,24.0,24.0,1.0,1.0,0,1,0,Standard,26.0,20.0,60.0,50.0
2200,2024-03-23,COUPLE_DAY,4,7,0.0,3,2024,5,1,0,,0,0,Summer,0,1,0,1,0,12.0,12.0,1.0,1.0,0,1,0,Standard,26.0,20.0,60.0,70.0
9000,2024-03-23,24H_NIGHT,4,7,0.0,3,2024,5,1,0,,0,0,Summer,0,1,0,1,0,24.0,24.0,1.0,1.0,0,1,0,Standard,26.0,20.0,60.0,70.0
18000,2024-03-24,24H_NIGHT,4,7,0.0,3,2024,6,1,0,,0,0,Summer,0,1,0,1,0,24.0,24.0,1.0,1.0,0,1,0,Standard,26.0,20.0,60.0,70.0
3500,2024-03-26,24H_NIGHT,4,7,0.0,3,2024,1,0,1,Dhuleti,0,0,Summer,0,1,0,1,0,24.0,24.0,1.0,1.0,0,1,0,Standard,26.0,20.0,60.0,75.0
4000,2024-03-27,24H_NIGHT,4,7,0.0,3,2024,2,0,0,,0,0,Summer,0,1,0,1,0,24.0,24.0,1.0,1.0,0,1,0,Standard,26.0,20.0,60.0,50.0
3500,2024-03-28,24H_NIGHT,4,7,0.0,3,2024,3,0,0,,0,0,Summer,0,1,0,1,0,24.0,24.0,1.0,1.0,0,1,0,Standard,26.0,20.0,60.0,50.0
3800,2024-03-29,24H_NIGHT,4,7,0.0,3,2024,4,0,1,Good Friday,0,0,Summer,0,1,0,1,0,24.0,24.0,1.0,1.0,0,1,0,Standard,26.0,20.0,60.0,75.0
7000,2024-03-30,24H_NIGHT,4,7,0.0,3,2024,5,1,1,Ram Navami,0,0,Summer,0,1,0,1,0,24.0,24.0,1.0,1.0,0,1,0,Standard,26.0,20.0,60.0,95.0
4500,2024-03-31,24H_NIGHT,4,7,0.0,3,2024,6,1,0,,0,0,Summer,0,1,0,1,0,24.0,24.0,1.0,1.0,0,1,0,Standard,26.0,20.0,60.0,70.0
3000,2024-04-02,COUPLE_DAY,4,7,0.0,4,2024,1,0,0,,0,0,Summer,0,1,0,1,0,12.0,12.0,1.0,1.0,0,1,0,Standard,26.0,20.0,60.0,50.0
4000,2024-04-02,24H_NIGHT,4,7,0.0,4,2024,1,0,0,,0,0,Summer,0,1,0,1,0,24.0,24.0,1.0,1.0,0,1,0,Standard,26.0,20.0,60.0,50.0
4000,2024-04-04,12H_DAY,4,7,0.0,4,2024,3,0,1,Mahavir Jayanti,0,0,Summer,0,1,0,1,0,12.0,12.0,1.0,1.0,0,1,0,Standard,26.0,20.0,60.0,75.0
4500,2024-04-04,24H_NIGHT,4,7,0.0,4,2024,3,0,1,Mahavir Jayanti,0,0,Summer,0,1,0,1,0,24.0,24.0,1.0,1.0,0,1,0,Standard,26.0,20.0,60.0,75.0
4500,2024-04-05,24H_NIGHT,4,7,0.0,4,2024,4,0,0,,0,0,Summer,0,1,0,1,0,24.0,24.0,1.0,1.0,0,1,0,Standard,26.0,20.0,60.0,50.0
7000,2024-04-06,24H_NIGHT,4,7,0.0,4,2024,5,1,1,Ram Navami,0,0,Summer,0,1,0,1,0,24.0,24.0,1.0,1.0,0,1,0,Standard,26.0,20.0,60.0,95.0
3500,2024-04-08,12H_DAY,4,7,0.0,4,2024,0,0,0,,0,0,Summer,0,1,0,1,0,12.0,12.0,1.0,1.0,0,1,0,Standard,26.0,20.0,60.0,50.0
4500,2024-04-09,24H_NIGHT,4,7,0.0,4,2024,1,0,0,,0,0,Summer,0,1,0,1,0,24.0,24.0,1.0,1.0,0,1,0,Standard,26.0,20.0,60.0,50.0
4500,2024-04-10,24H_NIGHT,4,7,0.0,4,2024,2,0,0,,0,0,Summer,0,1,0,1,0,24.0,24.0,1.0,1.0,0,1,0,Standard,26.0,20.0,60.0,50.0
4500,2024-04-12,12H_DAY,4,7,0.0,4,2024,4,0,0,,0,0,Summer,0,1,0,1,0,12.0,12.0,1.0,1.0,0,1,0,Standard,26.0,20.0,60.0,50.0
4500,2024-04-12,24H_NIGHT,4,7,0.0,4,2024,4,0,0,,0,0,Summer,0,1,0,1,0,24.0,24.0,1.0,1.0,0,1,0,Standard,26.0,20.0,60.0,50.0
9500,2024-04-13,24H_NIGHT,4,7,0.0,4,2024,5,1,0,,0,0,Summer,0,1,0,1,0,24.0,24.0,1.0,1.0,0,1,0,Standard,26.0,20.0,60.0,70.0
4000,2024-04-14,24H_NIGHT,4,7,0.0,4,2024,6,1,0,,0,0,Summer,0,1,0,1,0,24.0,24.0,1.0,1.0,0,1,0,Standard,26.0,20.0,60.0,70.0
4000,2024-04-17,12H_DAY,4,7,0.0,4,2024,2,0,1,Ram Navami,0,0,Summer,0,1,0,1,0,12.0,12.0,1.0,1.0,0,1,0,Standard,26.0,20.0,60.0,75.0
4000,2024-04-19,COUPLE_DAY,4,7,0.0,4,2024,4,0,0,,0,0,Summer,0,1,0,1,0,12.0,12.0,1.0,1.0,0,1,0,Standard,26.0,20.0,60.0,50.0
13500,2024-04-20,COUPLE_DAY,4,7,0.0,4,2024,5,1,0,,0,0,Summer,0,1,0,1,0,12.0,12.0,1.0,1.0,0,1,0,Standard,26.0,20.0,60.0,70.0
4500,2024-04-22,24H_NIGHT,4,7,0.0,4,2024,0,0,1,Eid-ul-Fitr,0,0,Summer,0,1,0,1,0,24.0,24.0,1.0,1.0,0,1,0,Standard,26.0,20.0,60.0,75.0
3500,2024-04-23,12H_NIGHT,4,7,0.0,4,2024,1,0,0,,0,0,Summer,0,1,0,1,0,12.0,12.0,1.0,1.0,0,1,0,Standard,26.0,20.0,60.0,50.0
3000,2024-04-24,COUPLE_DAY,4,7,0.0,4,2024,2,0,0,,0,0,Summer,0,1,0,1,0,12.0,12.0,1.0,1.0,0,1,0,Standard,26.0,20.0,60.0,50.0
3000,2024-04-24,12H_NIGHT,4,7,0.0,4,2024,2,0,0,,0,0,Summer,0,1,0,1,0,12.0,12.0,1.0,1.0,0,1,0,Standard,26.0,20.0,60.0,50.0
5000,2024-04-25,24H_NIGHT,4,7,0.0,4,2024,3,0,0,,0,0,Summer,0,1,0,1,0,24.0,24.0,1.0,1.0,0,1,0,Standard,26.0,20.0,60.0,50.0
4800,2024-04-26,24H_NIGHT,4,7,0.0,4,2024,4,0,0,,0,0,Summer,0,1,0,1,0,24.0,24.0,1.0,1.0,0,1,0,Standard,26.0,20.0,60.0,50.0
9500,2024-04-27,24H_NIGHT,4,7,0.0,4,2024,5,1,0,,0,0,Summer,0,1,0,1,0,24.0,24.0,1.0,1.0,0,1,0,Standard,26.0,20.0,60.0,70.0
4000,2024-04-28,24H_NIGHT,4,7,0.0,4,2024,6,1,0,,0,0,Summer,0,1,0,1,0,24.0,24.0,1.0,1.0,0,1,0,Standard,26.0,20.0,60.0,70.0
5500,2024-04-29,24H_NIGHT,4,7,0.0,4,2024,0,0,0,,0,0,Summer,0,1,0,1,0,24.0,24.0,1.0,1.0,0,1,0,Standard,26.0,20.0,60.0,50.0
5000,2024-04-30,24H_NIGHT,4,7,0.0,4,2024,1,0,0,,0,0,Summer,0,1,0,1,0,24.0,24.0,1.0,1.0,0,1,0,Standard,26.0,20.0,60.0,50.0
4000,2024-05-03,12H_DAY,4,7,0.0,5,2024,4,0,0,,0,1,Summer,0,1,0,1,0,12.0,12.0,1.0,1.0,0,1,0,Standard,26.0,20.0,60.0,60.0
5500,2024-05-03,24H_NIGHT,4,7,0.0,5,2024,4,0,0,,0,1,Summer,0,1,0,1,0,24.0,24.0,1.0,1.0,0,1,0,Standard,26.0,20.0,60.0,60.0
12000,2024-05-04,24H_NIGHT,4,7,0.0,5,2024,5,1,0,,0,1,Summer,0,1,0,1,0,24.0,24.0,1.0,1.0,0,1,0,Standard,26.0,20.0,60.0,80.0
4000,2024-05-06,12H_DAY,4,7,0.0,5,2024,0,0,0,,0,1,Summer,0,1,0,1,0,12.0,12.0,1.0,1.0,0,1,0,Standard,26.0,20.0,60.0,60.0
12000,2024-05-06,24H_NIGHT,4,7,0.0,5,2024,0,0,0,,0,1,Summer,0,1,0,1,0,24.0,24.0,1.0,1.0,0,1,0,Standard,26.0,20.0,60.0,60.0
3000,2024-05-07,24H_NIGHT,4,7,0.0,5,2024,1,0,0,,0,1,Summer,0,1,0,1,0,24.0,24.0,1.0,1.0,0,1,0,Standard,26.0,20.0,60.0,60.0
5000,2024-05-08,24H_NIGHT,4,7,0.0,5,2024,2,0,0,,0,1,Summer,0,1,0,1,0,24.0,24.0,1.0,1.0,0,1,0,Standard,26.0,20.0,60.0,60.0
5500,2024-05-09,24H_NIGHT,4,7,0.0,5,2024,3,0,0,,0,1,Summer,0,1,0,1,0,24.0,24.0,1.0,1.0,0,1,0,Standard,26.0,20.0,60.0,60.0
5000,2024-05-10,24H_NIGHT,4,7,0.0,5,2024,4,0,0,,0,1,Summer,0,1,0,1,0,24.0,24.0,1.0,1.0,0,1,0,Standard,26.0,20.0,60.0,60.0
10000,2024-05-11,24H_NIGHT,4,7,0.0,5,2024,5,1,0,,0,1,Summer,0,1,0,1,0,24.0,24.0,1.0,1.0,0,1,0,Standard,26.0,20.0,60.0,80.0
5000,2024-05-12,24H_NIGHT,4,7,0.0,5,2024,6,1,0,,0,1,Summer,0,1,0,1,0,24.0,24.0,1.0,1.0,0,1,0,Standard,26.0,20.0,60.0,80.0
5000,2024-05-13,24H_NIGHT,4,7,0.0,5,2024,0,0,0,,0,1,Summer,0,1,0,1,0,24.0,24.0,1.0,1.0,0,1,0,Standard,26.0,20.0,60.0,60.0
5000,2024-05-14,24H_NIGHT,4,7,0.0,5,2024,1,0,0,,0,1,Summer,0,1,0,1,0,24.0,24.0,1.0,1.0,0,1,0,Standard,26.0,20.0,60.0,60.0
5500,2024-05-15,24H_NIGHT,4,7,0.0,5,2024,2,0,0,,0,1,Summer,0,1,0,1,0,24.0,24.0,1.0,1.0,0,1,0,Standard,26.0,20.0,60.0,60.0
4500,2024-05-17,COUPLE_DAY,4,7,0.0,5,2024,4,0,0,,0,1,Summer,0,1,0,1,0,12.0,12.0,1.0,1.0,0,1,0,Standard,26.0,20.0,60.0,60.0
5000,2024-05-17,24H_NIGHT,4,7,0.0,5,2024,4,0,0,,0,1,Summer,0,1,0,1,0,24.0,24.0,1.0,1.0,0,1,0,Standard,26.0,20.0,60.0,60.0
13000,2024-05-18,24H_NIGHT,4,7,0.0,5,2024,5,1,0,,0,1,Summer,0,1,0,1,0,24.0,24.0,1.0,1.0,0,1,0,Standard,26.0,20.0,60.0,80.0
6000,2024-05-19,24H_NIGHT,4,7,0.0,5,2024,6,1,0,,0,1,Summer,0,1,0,1,0,24.0,24.0,1.0,1.0,0,1,0,Standard,26.0,20.0,60.0,80.0
4000,2024-05-20,12H_NIGHT,4,7,0.0,5,2024,0,0,0,,0,1,Summer,0,1,0,1,0,12.0,12.0,1.0,1.0,0,1,0,Standard,26.0,20.0,60.0,60.0
3500,2024-05-21,COUPLE_DAY,4,7,0.0,5,2024,1,0,0,,0,1,Summer,0,1,0,1,0,12.0,12.0,1.0,1.0,0,1,0,Standard,26.0,20.0,60.0,60.0
5000,2024-05-21,24H_NIGHT,4,7,0.0,5,2024,1,0,0,,0,1,Summer,0,1,0,1,0,24.0,24.0,1.0,1.0,0,1,0,Standard,26.0,20.0,60.0,60.0
3000,2024-05-22,24H_NIGHT,4,7,0.0,5,2024,2,0,0,,0,1,Summer,0,1,0,1,0,24.0,24.0,1.0,1.0,0,1,0,Standard,26.0,20.0,60.0,60.0
6000,2024-05-23,24H_NIGHT,4,7,0.0,5,2024,3,0,1,Buddha Purnima,0,1,Summer,0,1,0,1,0,24.0,24.0,1.0,1.0,0,1,0,Standard,26.0,20.0,60.0,85.0
6000,2024-05-24,24H_NIGHT,4,7,0.0,5,2024,4,0,0,,0,1,Summer,0,1,0,1,0,24.0,24.0,1.0,1.0,0,1,0,Standard,26.0,20.0,60.0,60.0
13000,2024-05-25,24H_NIGHT,4,7,0.0,5,2024,5,1,0,,0,1,Summer,0,1,0,1,0,24.0,24.0,1.0,1.0,0,1,0,Standard,26.0,20.0,60.0,80.0
4000,2024-05-26,12H_NIGHT,4,7,0.0,5,2024,6,1,0,,0,1,Summer,0,1,0,1,0,12.0,12.0,1.0,1.0,0,1,0,Standard,26.0,20.0,60.0,80.0
3000,2024-05-27,COUPLE_DAY,4,7,0.0,5,2024,0,0,0,,0,1,Summer,0,1,0,1,0,12.0,12.0,1.0,1.0,0,1,0,Standard,26.0,20.0,60.0,60.0
5500,2024-05-27,24H_NIGHT,4,7,0.0,5,2024,0,0,0,,0,1,Summer,0,1,0,1,0,24.0,24.0,1.0,1.0,0,1,0,Standard,26.0,20.0,60.0,60.0
5000,2024-05-28,24H_NIGHT,4,7,0.0,5,2024,1,0,0,,0,1,Summer,0,1,0,1,0,24.0,24.0,1.0,1.0,0,1,0,Standard,26.0,20.0,60.0,60.0
6000,2024-05-29,24H_NIGHT,4,7,0.0,5,2024,2,0,0,,0,1,Summer,0,1,0,1,0,24.0,24.0,1.0,1.0,0,1,0,Standard,26.0,20.0,60.0,60.0
6000,2024-05-30,24H_NIGHT,4,7,0.0,5,2024,3,0,0,,0,1,Summer,0,1,0,1,0,24.0,24.0,1.0,1.0,0,1,0,Standard,26.0,20.0,60.0,60.0
6000,2024-05-31,24H_NIGHT,4,7,0.0,5,2024,4,0,0,,0,1,Summer,0,1,0,1,0,24.0,24.0,1.0,1.0,0,1,0,Standard,26.0,20.0,60.0,60.0
12000,2024-06-01,24H_NIGHT,4,7,0.0,6,2024,5,1,0,,0,0,Monsoon,1,0,0,1,0,24.0,24.0,1.0,1.0,0,1,0,Standard,26.0,20.0,60.0,70.0
5500,2024-06-02,24H_NIGHT,4,7,0.0,6,2024,6,1,0,,0,0,Monsoon,1,0,0,1,0,24.0,24.0,1.0,1.0,0,1,0,Standard,26.0,20.0,60.0,70.0
6000,2024-06-03,24H_NIGHT,4,7,0.0,6,2024,0,0,0,,0,0,Monsoon,1,0,0,0,0,24.0,24.0,1.0,1.0,0,1,0,Standard,26.0,20.0,60.0,50.0
6000,2024-06-04,24H_NIGHT,4,7,0.0,6,2024,1,0,0,,0,0,Monsoon,1,0,0,0,0,24.0,24.0,1.0,1.0,0,1,0,Standard,26.0,20.0,60.0,50.0
6000,2024-06-05,24H_NIGHT,4,7,0.0,6,2024,2,0,0,,0,0,Monsoon,1,0,0,0,0,24.0,24.0,1.0,1.0,0,1,0,Standard,26.0,20.0,60.0,50.0
5500,2024-06-06,24H_NIGHT,4,7,0.0,6,2024,3,0,0,,0,0,Monsoon,1,0,0,0,0,24.0,24.0,1.0,1.0,0,1,0,Standard,26.0,20.0,60.0,50.0
5000,2024-06-07,24H_NIGHT,4,7,0.0,6,2024,4,0,0,,0,0,Monsoon,1,0,0,0,0,24.0,24.0,1.0,1.0,0,1,0,Standard,26.0,20.0,60.0,50.0
13000,2024-06-08,24H_NIGHT,4,7,0.0,6,2024,5,1,0,,0,0,Monsoon,1,0,0,1,0,24.0,24.0,1.0,1.0,0,1,0,Standard,26.0,20.0,60.0,70.0
5500,2024-06-09,24H_NIGHT,4,7,0.0,6,2024,6,1,0,,0,0,Monsoon,1,0,0,1,0,24.0,24.0,1.0,1.0,0,1,0,Standard,26.0,20.0,60.0,70.0
3000,2024-06-11,COUPLE_DAY,4,7,0.0,6,2024,1,0,0,,0,0,Monsoon,1,0,0,0,0,12.0,12.0,1.0,1.0,0,1,0,Standard,26.0,20.0,60.0,50.0
5500,2024-06-11,24H_NIGHT,4,7,0.0,6,2024,1,0,0,,0,0,Monsoon,1,0,0,0,0,24.0,24.0,1.0,1.0,0,1,0,Standard,26.0,20.0,60.0,50.0
5000,2024-06-12,24H_NIGHT,4,7,0.0,6,2024,2,0,0,,0,0,Monsoon,1,0,0,0,0,24.0,24.0,1.0,1.0,0,1,0,Standard,26.0,20.0,60.0,50.0
5500,2024-06-13,24H_NIGHT,4,7,0.0,6,2024,3,0,0,,0,0,Monsoon,1,0,0,0,0,24.0,24.0,1.0,1.0,0,1,0,Standard,26.0,20.0,60.0,50.0
6000,2024-06-14,24H_NIGHT,4,7,0.0,6,2024,4,0,0,,0,0,Monsoon,1,0,0,0,0,24.0,24.0,1.0,1.0,0,1,0,Standard,26.0,20.0,60.0,50.0
3000,2024-06-15,12H_NIGHT,4,7,0.0,6,2024,5,1,0,,0,0,Monsoon,1,0,0,1,0,12.0,12.0,1.0,1.0,0,1,0,Standard,26.0,20.0,60.0,70.0
10000,2024-06-16,12H_DAY,4,7,0.0,6,2024,6,1,0,,0,0,Monsoon,1,0,0,1,0,12.0,12.0,1.0,1.0,0,1,0,Standard,26.0,20.0,60.0,70.0
5500,2024-06-16,24H_NIGHT,4,7,0.0,6,2024,6,1,0,,0,0,Monsoon,1,0,0,1,0,24.0,24.0,1.0,1.0,0,1,0,Standard,26.0,20.0,60.0,70.0
2000,2024-06-20,COUPLE_DAY,4,7,0.0,6,2024,3,0,0,,0,0,Monsoon,1,0,0,0,0,12.0,12.0,1.0,1.0,0,1,0,Standard,26.0,20.0,60.0,50.0
4000,2024-06-21,12H_DAY,4,7,0.0,6,2024,4,0,0,,0,0,Monsoon,1,0,0,0,0,12.0,12.0,1.0,1.0,0,1,0,Standard,26.0,20.0,60.0,50.0
3200,2024-06-22,12H_DAY,4,7,0.0,6,2024,5,1,0,,0,0,Monsoon,1,0,0,1,0,12.0,12.0,1.0,1.0,0,1,0,Standard,26.0,20.0,60.0,70.0
7000,2024-06-22,24H_NIGHT,4,7,0.0,6,2024,5,1,0,,0,0,Monsoon,1,0,0,1,0,24.0,24.0,1.0,1.0,0,1,0,Standard,26.0,20.0,60.0,70.0
3300,2024-06-23,24H_NIGHT,4,7,0.0,6,2024,6,1,0,,0,0,Monsoon,1,0,0,1,0,24.0,24.0,1.0,1.0,0,1,0,Standard,26.0,20.0,60.0,70.0
3000,2024-06-24,12H_NIGHT,4,7,0.0,6,2024,0,0,0,,0,0,Monsoon,1,0,0,0,0,12.0,12.0,1.0,1.0,0,1,0,Standard,26.0,20.0,60.0,50.0
700,2024-06-28,COUPLE_DAY,4,7,0.0,6,2024,4,0,0,,0,0,Monsoon,1,0,0,0,0,12.0,12.0,1.0,1.0,0,1,0,Standard,26.0,20.0,60.0,50.0
3000,2024-06-29,COUPLE_DAY,4,7,0.0,6,2024,5,1,1,Bakrid,0,0,Monsoon,1,0,0,1,0,12.0,12.0,1.0,1.0,0,1,0,Standard,26.0,20.0,60.0,95.0
6000,2024-06-29,24H_NIGHT,4,7,0.0,6,2024,5,1,1,Bakrid,0,0,Monsoon,1,0,0,1,0,24.0,24.0,1.0,1.0,0,1,0,Standard,26.0,20.0,60.0,95.0
2500,2024-07-01,12H_DAY,4,7,0.0,7,2024,0,0,0,,0,0,Monsoon,1,0,0,0,0,12.0,12.0,1.0,1.0,0,1,0,Standard,26.0,20.0,60.0,50.0
3000,2024-07-02,COUPLE_DAY,4,7,0.0,7,2024,1,0,0,,0,0,Monsoon,1,0,0,0,0,12.0,12.0,1.0,1.0,0,1,0,Standard,26.0,20.0,60.0,50.0
3000,2024-07-03,24H_NIGHT,4,7,0.0,7,2024,2,0,0,,0,0,Monsoon,1,0,0,0,0,24.0,24.0,1.0,1.0,0,1,0,Standard,26.0,20.0,60.0,50.0
2500,2024-07-05,COUPLE_DAY,4,7,0.0,7,2024,4,0,0,,0,0,Monsoon,1,0,0,0,0,12.0,12.0,1.0,1.0,0,1,0,Standard,26.0,20.0,60.0,50.0
5500,2024-07-06,24H_NIGHT,4,7,0.0,7,2024,5,1,0,,0,0,Monsoon,1,0,0,1,0,24.0,24.0,1.0,1.0,0,1,0,Standard,26.0,20.0,60.0,70.0
2500,2024-07-10,12H_DAY,4,7,0.0,7,2024,2,0,0,,0,0,Monsoon,1,0,0,0,0,12.0,12.0,1.0,1.0,0,1,0,Standard,26.0,20.0,60.0,50.0
2500,2024-07-11,12H_DAY,4,7,0.0,7,2024,3,0,0,,0,0,Monsoon,1,0,0,0,0,12.0,12.0,1.0,1.0,0,1,0,Standard,26.0,20.0,60.0,50.0
2000,2024-07-11,12H_NIGHT,4,7,0.0,7,2024,3,0,0,,0,0,Monsoon,1,0,0,0,0,12.0,12.0,1.0,1.0,0,1,0,Standard,26.0,20.0,60.0,50.0
4500,2024-07-13,24H_NIGHT,4,7,0.0,7,2024,5,1,0,,0,0,Monsoon,1,0,0,1,0,24.0,24.0,1.0,1.0,0,1,0,Standard,26.0,20.0,60.0,70.0
3000,2024-07-17,COUPLE_DAY,4,7,0.0,7,2024,2,0,1,Muharram,0,0,Monsoon,1,0,0,1,0,12.0,12.0,1.0,1.0,0,1,0,Standard,26.0,20.0,60.0,75.0
2000,2024-07-18,COUPLE_DAY,4,7,0.0,7,2024,3,0,0,,0,0,Monsoon,1,0,0,0,0,12.0,12.0,1.0,1.0,0,1,0,Standard,26.0,20.0,60.0,50.0
3000,2024-07-19,COUPLE_DAY,4,7,0.0,7,2024,4,0,0,,0,0,Monsoon,1,0,0,0,0,12.0,12.0,1.0,1.0,0,1,0,Standard,26.0,20.0,60.0,50.0
2000,2024-07-24,COUPLE_DAY,4,7,0.0,7,2024,2,0,0,,0,0,Monsoon,1,0,0,0,0,12.0,12.0,1.0,1.0,0,1,0,Standard,26.0,20.0,60.0,50.0
3500,2024-07-26,12H_DAY,4,7,0.0,7,2024,4,0,0,,0,0,Monsoon,1,0,0,0,0,12.0,12.0,1.0,1.0,0,1,0,Standard,26.0,20.0,60.0,50.0
2500,2024-07-27,COUPLE_DAY,4,7,0.0,7,2024,5,1,0,,0,0,Monsoon,1,0,0,1,0,12.0,12.0,1.0,1.0,0,1,0,Standard,26.0,20.0,60.0,70.0
5000,2024-07-27,24H_NIGHT,4,7,0.0,7,2024,5,1,0,,0,0,Monsoon,1,0,0,1,0,24.0,24.0,1.0,1.0,0,1,0,Standard,26.0,20.0,60.0,70.0
1000,2024-07-29,COUPLE_DAY,4,7,0.0,7,2024,0,0,1,Muharram,0,0,Monsoon,1,0,0,1,0,12.0,12.0,1.0,1.0,0,1,0,Standard,26.0,20.0,60.0,75.0
1500,2024-07-30,COUPLE_DAY,4,7,0.0,7,2024,1,0,0,,0,0,Monsoon,1,0,0,0,0,12.0,12.0,1.0,1.0,0,1,0,Standard,26.0,20.0,60.0,50.0
2000,2024-07-31,12H_NIGHT,4,7,0.0,7,2024,2,0,0,,0,0,Monsoon,1,0,0,0,0,12.0,12.0,1.0,1.0,0,1,0,Standard,26.0,20.0,60.0,50.0
2500,2024-08-01,COUPLE_DAY,4,7,0.0,8,2024,3,0,0,,0,0,Monsoon,1,0,0,0,0,12.0,12.0,1.0,1.0,0,1,0,Standard,26.0,20.0,60.0,50.0
1500,2024-08-01,12H_NIGHT,4,7,0.0,8,2024,3,0,0,,0,0,Monsoon,1,0,0,0,0,12.0,12.0,1.0,1.0,0,1,0,Standard,26.0,20.0,60.0,50.0
3000,2024-08-03,COUPLE_DAY,4,7,0.0,8,2024,5,1,0,,0,0,Monsoon,1,0,0,1,0,12.0,12.0,1.0,1.0,0,1,0,Standard,26.0,20.0,60.0,70.0
3000,2024-08-03,24H_NIGHT,4,7,0.0,8,2024,5,1,0,,0,0,Monsoon,1,0,0,1,0,24.0,24.0,1.0,1.0,0,1,0,Standard,26.0,20.0,60.0,70.0
3000,2024-08-06,24H_DAY,4,7,0.0,8,2024,1,0,0,,0,0,Monsoon,1,0,0,0,0,24.0,24.0,1.0,1.0,0,1,0,Standard,26.0,20.0,60.0,50.0
3500,2024-08-07,24H_DAY,4,7,0.0,8,2024,2,0,0,,0,0,Monsoon,1,0,0,0,0,24.0,24.0,1.0,1.0,0,1,0,Standard,26.0,20.0,60.0,50.0
3000,2024-08-11,12H_NIGHT,4,7,0.0,8,2024,6,1,0,,0,0,Monsoon,1,0,0,1,0,12.0,12.0,1.0,1.0,0,1,0,Standard,26.0,20.0,60.0,70.0
1000,2024-08-12,COUPLE_DAY,4,7,0.0,8,2024,0,0,0,,0,0,Monsoon,1,0,0,0,0,12.0,12.0,1.0,1.0,0,1,0,Standard,26.0,20.0,60.0,50.0
3000,2024-08-14,12H_DAY,4,7,0.0,8,2024,2,0,0,,0,0,Monsoon,1,0,0,0,0,12.0,12.0,1.0,1.0,0,1,0,Standard,26.0,20.0,60.0,50.0
500,2024-08-14,12H_NIGHT,4,7,0.0,8,2024,2,0,0,,0,0,Monsoon,1,0,0,0,0,12.0,12.0,1.0,1.0,0,1,0,Standard,26.0,20.0,60.0,50.0
1000,2024-08-16,12H_DAY,4,7,0.0,8,2024,4,0,0,,0,0,Monsoon,1,0,0,0,0,12.0,12.0,1.0,1.0,0,1,0,Standard,26.0,20.0,60.0,50.0
1200,2024-08-17,COUPLE_DAY,4,7,0.0,8,2024,5,1,0,,0,0,Monsoon,1,0,0,1,0,12.0,12.0,1.0,1.0,0,1,0,Standard,26.0,20.0,60.0,70.0
4500,2024-08-18,24H_NIGHT,4,7,0.0,8,2024,6,1,0,,0,0,Monsoon,1,0,0,1,0,24.0,24.0,1.0,1.0,0,1,0,Standard,26.0,20.0,60.0,70.0
1000,2024-08-20,COUPLE_DAY,4,7,0.0,8,2024,1,0,0,,0,0,Monsoon,1,0,0,0,0,12.0,12.0,1.0,1.0,0,1,0,Standard,26.0,20.0,60.0,50.0
6500,2024-08-20,COUPLE_DAY,4,7,0.0,8,2024,1,0,0,,0,0,Monsoon,1,0,0,0,0,12.0,12.0,1.0,1.0,0,1,0,Standard,26.0,20.0,60.0,50.0
2500,2024-08-23,12H_NIGHT,4,7,0.0,8,2024,4,0,0,,0,0,Monsoon,1,0,0,0,0,12.0,12.0,1.0,1.0,0,1,0,Standard,26.0,20.0,60.0,50.0
500,2024-08-24,COUPLE_DAY,4,7,0.0,8,2024,5,1,0,,0,0,Monsoon,1,0,0,1,0,12.0,12.0,1.0,1.0,0,1,0,Standard,26.0,20.0,60.0,70.0
4000,2024-08-24,24H_NIGHT,4,7,0.0,8,2024,5,1,0,,0,0,Monsoon,1,0,0,1,0,24.0,24.0,1.0,1.0,0,1,0,Standard,26.0,20.0,60.0,70.0
2500,2024-08-27,COUPLE_DAY,4,7,0.0,8,2024,1,0,1,Ganesh Chaturthi,0,0,Monsoon,1,0,0,1,0,12.0,12.0,1.0,1.0,0,1,0,Standard,26.0,20.0,60.0,75.0
1000,2024-08-29,COUPLE_DAY,4,7,0.0,8,2024,3,0,0,,0,0,Monsoon,1,0,0,0,0,12.0,12.0,1.0,1.0,0,1,0,Standard,26.0,20.0,60.0,50.0
2500,2024-08-30,COUPLE_DAY,4,7,0.0,8,2024,4,0,1,Raksha Bandhan,0,0,Monsoon,1,0,0,1,0,12.0,12.0,1.0,1.0,0,1,0,Standard,26.0,20.0,60.0,75.0
3000,2024-08-31,COUPLE_DAY,4,7,0.0,8,2024,5,1,0,,0,0,Monsoon,1,0,0,1,0,12.0,12.0,1.0,1.0,0,1,0,Standard,26.0,20.0,60.0,70.0
2700,2024-08-31,12H_NIGHT,4,7,0.0,8,2024,5,1,0,,0,0,Monsoon,1,0,0,1,0,12.0,12.0,1.0,1.0,0,1,0,Standard,26.0,20.0,60.0,70.0
2500,2024-09-03,COUPLE_DAY,4,7,0.0,9,2024,1,0,0,,0,0,Monsoon,1,0,0,0,0,12.0,12.0,1.0,1.0,0,1,0,Standard,26.0,20.0,60.0,50.0
1000,2024-09-05,COUPLE_DAY,4,7,0.0,9,2024,3,0,0,,0,0,Monsoon,1,0,0,0,0,12.0,12.0,1.0,1.0,0,1,0,Standard,26.0,20.0,60.0,50.0
2000,2024-09-06,COUPLE_DAY,4,7,0.0,9,2024,4,0,0,,0,0,Monsoon,1,0,0,0,0,12.0,12.0,1.0,1.0,0,1,0,Standard,26.0,20.0,60.0,50.0
1500,2024-09-07,COUPLE_DAY,4,7,0.0,9,2024,5,1,1,Ganesh Chaturthi,0,0,Monsoon,1,0,0,1,0,12.0,12.0,1.0,1.0,0,1,0,Standard,26.0,20.0,60.0,95.0
2500,2024-09-07,COUPLE_NIGHT,4,7,0.0,9,2024,5,1,1,Ganesh Chaturthi,0,0,Monsoon,1,0,0,1,0,12.0,12.0,1.0,1.0,0,1,0,Standard,26.0,20.0,60.0,95.0
2000,2024-09-09,COUPLE_DAY,4,7,0.0,9,2024,0,0,0,,0,0,Monsoon,1,0,0,0,0,12.0,12.0,1.0,1.0,0,1,0,Standard,26.0,20.0,60.0,50.0
1000,2024-09-10,COUPLE_DAY,4,7,0.0,9,2024,1,0,0,,0,0,Monsoon,1,0,0,0,0,12.0,12.0,1.0,1.0,0,1,0,Standard,26.0,20.0,60.0,50.0
1500,2024-09-12,COUPLE_DAY,4,7,0.0,9,2024,3,0,0,,0,0,Monsoon,1,0,0,0,0,12.0,12.0,1.0,1.0,0,1,0,Standard,26.0,20.0,60.0,50.0
1500,2024-09-13,COUPLE_DAY,4,7,0.0,9,2024,4,0,0,,0,0,Monsoon,1,0,0,0,0,12.0,12.0,1.0,1.0,0,1,0,Standard,26.0,20.0,60.0,50.0
2500,2024-09-13,12H_NIGHT,4,7,0.0,9,2024,4,0,0,,0,0,Monsoon,1,0,0,0,0,12.0,12.0,1.0,1.0,0,1,0,Standard,26.0,20.0,60.0,50.0
2800,2024-09-14,12H_NIGHT,4,7,0.0,9,2024,5,1,0,,0,0,Monsoon,1,0,0,1,0,12.0,12.0,1.0,1.0,0,1,0,Standard,26.0,20.0,60.0,70.0
2200,2024-09-17,COUPLE_DAY,4,7,0.0,9,2024,1,0,0,,0,0,Monsoon,1,0,0,0,0,12.0,12.0,1.0,1.0,0,1,0,Standard,26.0,20.0,60.0,50.0
2500,2024-09-19,COUPLE_DAY,4,7,0.0,9,2024,3,0,1,Ganesh Chaturthi,0,0,Monsoon,1,0,0,1,0,12.0,12.0,1.0,1.0,0,1,0,Standard,26.0,20.0,60.0,75.0
1500,2024-09-20,COUPLE_DAY,4,7,0.0,9,2024,4,0,0,,0,0,Monsoon,1,0,0,0,0,12.0,12.0,1.0,1.0,0,1,0,Standard,26.0,20.0,60.0,50.0
1500,2024-09-21,COUPLE_DAY,4,7,0.0,9,2024,5,1,0,,0,0,Monsoon,1,0,0,1,0,12.0,12.0,1.0,1.0,0,1,0,Standard,26.0,20.0,60.0,70.0
3500,2024-09-22,12H_DAY,4,7,0.0,9,2024,6,1,0,,0,0,Monsoon,1,0,0,1,0,12.0,12.0,1.0,1.0,0,1,0,Standard,26.0,20.0,60.0,70.0
2000,2024-09-24,COUPLE_DAY,4,7,0.0,9,2024,1,0,0,,0,0,Monsoon,1,0,0,0,0,12.0,12.0,1.0,1.0,0,1,0,Standard,26.0,20.0,60.0,50.0
2500,2024-09-25,12H_NIGHT,4,7,0.0,9,2024,2,0,0,,0,0,Monsoon,1,0,0,0,0,12.0,12.0,1.0,1.0,0,1,0,Standard,26.0,20.0,60.0,50.0
4500,2024-09-28,24H_NIGHT,4,7,0.0,9,2024,5,1,0,,0,0,Monsoon,1,0,0,1,0,24.0,24.0,1.0,1.0,0,1,0,Standard,26.0,20.0,60.0,70.0
1200,2024-09-30,COUPLE_DAY,4,7,0.0,9,2024,0,0,0,,0,0,Monsoon,1,0,0,0,0,12.0,12.0,1.0,1.0,0,1,0,Standard,26.0,20.0,60.0,50.0
2200,2024-10-03,COUPLE_DAY,4,7,0.0,10,2024,3,0,1,Navratri Day 1,0,0,Winter,0,0,1,1,0,12.0,12.0,1.0,1.0,0,1,0,Standard,26.0,20.0,60.0,75.0
2000,2024-10-05,COUPLE_DAY,4,7,0.0,10,2024,5,1,0,,0,0,Winter,0,0,1,1,0,12.0,12.0,1.0,1.0,0,1,0,Standard,26.0,20.0,60.0,70.0
4500,2024-10-05,24H_NIGHT,4,7,0.0,10,2024,5,1,0,,0,0,Winter,0,0,1,1,0,24.0,24.0,1.0,1.0,0,1,0,Standard,26.0,20.0,60.0,70.0
2000,2024-10-10,COUPLE_NIGHT,4,7,0.0,10,2024,3,0,0,,0,0,Winter,0,0,1,0,0,12.0,12.0,1.0,1.0,0,1,0,Standard,26.0,20.0,60.0,50.0
2000,2024-10-11,COUPLE_DAY,4,7,0.0,10,2024,4,0,0,,0,0,Winter,0,0,1,0,0,12.0,12.0,1.0,1.0,0,1,0,Standard,26.0,20.0,60.0,50.0
4300,2024-10-12,24H_DAY,4,7,0.0,10,2024,5,1,1,Dussehra,0,0,Winter,0,0,1,1,0,24.0,24.0,1.0,1.0,0,1,0,Standard,26.0,20.0,60.0,95.0
1500,2024-10-17,COUPLE_DAY,4,7,0.0,10,2024,3,0,1,Navratri Day 3,0,0,Winter,0,0,1,1,0,12.0,12.0,1.0,1.0,0,1,0,Standard,26.0,20.0,60.0,75.0
2500,2024-10-17,12H_NIGHT,4,7,0.0,10,2024,3,0,1,Navratri Day 3,0,0,Winter,0,0,1,1,0,12.0,12.0,1.0,1.0,0,1,0,Standard,26.0,20.0,60.0,75.0
2000,2024-10-18,COUPLE_DAY,4,7,0.0,10,2024,4,0,1,Navratri Day 4,0,0,Winter,0,0,1,1,0,12.0,12.0,1.0,1.0,0,1,0,Standard,26.0,20.0,60.0,75.0
1500,2024-10-19,COUPLE_DAY,4,7,0.0,10,2024,5,1,1,Navratri Day 5,0,0,Winter,0,0,1,1,0,12.0,12.0,1.0,1.0,0,1,0,Standard,26.0,20.0,60.0,95.0
4500,2024-10-19,24H_NIGHT,4,7,0.0,10,2024,5,1,1,Navratri Day 5,0,0,Winter,0,0,1,1,0,24.0,24.0,1.0,1.0,0,1,0,Standard,26.0,20.0,60.0,95.0
3500,2024-10-21,24H_DAY,4,7,0.0,10,2024,0,0,1,Navratri Day 7,0,0,Winter,0,0,1,1,0,24.0,24.0,1.0,1.0,0,1,0,Standard,26.0,20.0,60.0,75.0
3000,2024-10-23,COUPLE_DAY,4,7,0.0,10,2024,2,0,1,Navratri Day 9,0,0,Winter,0,0,1,1,0,12.0,12.0,1.0,1.0,0,1,0,Standard,26.0,20.0,60.0,75.0
3500,2024-10-23,24H_NIGHT,4,7,0.0,10,2024,2,0,1,Navratri Day 9,0,0,Winter,0,0,1,1,0,24.0,24.0,1.0,1.0,0,1,0,Standard,26.0,20.0,60.0,75.0
4000,2024-10-24,24H_NIGHT,4,7,0.0,10,2024,3,0,1,Dussehra,0,0,Winter,0,0,1,1,0,24.0,24.0,1.0,1.0,0,1,0,Standard,26.0,20.0,60.0,75.0
4500,2024-10-25,24H_NIGHT,4,7,0.0,10,2024,4,0,0,,0,0,Winter,0,0,1,0,0,24.0,24.0,1.0,1.0,0,1,0,Standard,26.0,20.0,60.0,50.0
5500,2024-10-26,24H_DAY,4,7,0.0,10,2024,5,1,0,,0,0,Winter,0,0,1,1,0,24.0,24.0,1.0,1.0,0,1,0,Standard,26.0,20.0,60.0,70.0
4000,2024-10-27,12H_DAY,4,7,0.0,10,2024,6,1,0,,0,0,Winter,0,0,1,1,0,12.0,12.0,1.0,1.0,0,1,0,Standard,26.0,20.0,60.0,70.0
2000,2024-10-27,COUPLE_DAY,4,7,0.0,10,2024,6,1,0,,0,0,Winter,0,0,1,1,0,12.0,12.0,1.0,1.0,0,1,0,Standard,26.0,20.0,60.0,70.0
4000,2024-10-28,24H_NIGHT,4,7,0.0,10,2024,0,0,1,Sharad Purnima,0,0,Winter,0,0,1,1,0,24.0,24.0,1.0,1.0,0,1,0,Standard,26.0,20.0,60.0,75.0
4000,2024-10-29,24H_NIGHT,4,7,0.0,10,2024,1,0,1,Dhanteras,0,0,Winter,0,0,1,1,0,24.0,24.0,1.0,1.0,0,1,0,Standard,26.0,20.0,60.0,75.0
4500,2024-11-01,24H_DAY,4,7,0.0,11,2024,4,0,1,Diwali,0,0,Winter,0,0,1,1,0,24.0,24.0,1.0,1.0,0,1,0,Standard,26.0,20.0,60.0,75.0
6500,2024-11-02,24H_NIGHT,4,7,0.0,11,2024,5,1,1,Bestu Varas,0,0,Winter,0,0,1,1,0,24.0,24.0,1.0,1.0,0,1,0,Standard,26.0,20.0,60.0,95.0
4000,2024-11-03,24H_NIGHT,4,7,0.0,11,2024,6,1,1,Bhai Beej,0,0,Winter,0,0,1,1,0,24.0,24.0,1.0,1.0,0,1,0,Standard,26.0,20.0,60.0,95.0
4500,2024-11-04,24H_NIGHT,4,7,0.0,11,2024,0,0,0,,0,0,Winter,0,0,1,0,1,24.0,24.0,1.0,1.0,0,1,0,Standard,26.0,20.0,60.0,50.0
4200,2024-11-05,24H_NIGHT,4,7,0.0,11,2024,1,0,0,,0,0,Winter,0,0,1,0,1,24.0,24.0,1.0,1.0,0,1,0,Standard,26.0,20.0,60.0,50.0
4500,2024-11-06,24H_NIGHT,4,7,0.0,11,2024,2,0,0,,0,0,Winter,0,0,1,0,1,24.0,24.0,1.0,1.0,0,1,0,Standard,26.0,20.0,60.0,50.0
4000,2024-11-08,COUPLE_DAY,4,7,0.0,11,2024,4,0,1,Diwali,0,0,Winter,0,0,1,1,0,12.0,12.0,1.0,1.0,0,1,0,Standard,26.0,20.0,60.0,75.0
4000,2024-11-08,24H_NIGHT,4,7,0.0,11,2024,4,0,1,Diwali,0,0,Winter,0,0,1,1,0,24.0,24.0,1.0,1.0,0,1,0,Standard,26.0,20.0,60.0,75.0
5000,2024-11-09,24H_NIGHT,4,7,0.0,11,2024,5,1,1,Bestu Varas,0,0,Winter,0,0,1,1,0,24.0,24.0,1.0,1.0,0,1,0,Standard,26.0,20.0,60.0,95.0
4500,2024-11-10,24H_NIGHT,4,7,0.0,11,2024,6,1,1,Dhanteras,0,0,Winter,0,0,1,1,0,24.0,24.0,1.0,1.0,0,1,0,Standard,26.0,20.0,60.0,95.0
2000,2024-11-11,12H_NIGHT,4,7,0.0,11,2024,0,0,1,Kali Chaudas,0,0,Winter,0,0,1,1,0,12.0,12.0,1.0,1.0,0,1,0,Standard,26.0,20.0,60.0,75.0
2000,2024-11-13,COUPLE_DAY,4,7,0.0,11,2024,2,0,0,,0,0,Winter,0,0,1,0,1,12.0,12.0,1.0,1.0,0,1,0,Standard,26.0,20.0,60.0,50.0
1000,2024-11-13,COUPLE_NIGHT,4,7,0.0,11,2024,2,0,0,,0,0,Winter,0,0,1,0,1,12.0,12.0,1.0,1.0,0,1,0,Standard,26.0,20.0,60.0,50.0
1500,2024-11-14,COUPLE_DAY,4,7,0.0,11,2024,3,0,1,Bestu Varas,0,0,Winter,0,0,1,1,0,12.0,12.0,1.0,1.0,0,1,0,Standard,26.0,20.0,60.0,75.0
4500,2024-11-14,24H_NIGHT,4,7,0.0,11,2024,3,0,1,Bestu Varas,0,0,Winter,0,0,1,1,0,24.0,24.0,1.0,1.0,0,1,0,Standard,26.0,20.0,60.0,75.0
4500,2024-11-16,24H_DAY,4,7,0.0,11,2024,5,1,0,,0,0,Winter,0,0,1,1,0,24.0,24.0,1.0,1.0,0,1,0,Standard,26.0,20.0,60.0,70.0
3500,2024-11-17,COUPLE_DAY,4,7,0.0,11,2024,6,1,0,,0,0,Winter,0,0,1,1,0,12.0,12.0,1.0,1.0,0,1,0,Standard,26.0,20.0,60.0,70.0
1000,2024-11-18,COUPLE_DAY,4,7,0.0,11,2024,0,0,0,,0,0,Winter,0,0,1,0,1,12.0,12.0,1.0,1.0,0,1,0,Standard,26.0,20.0,60.0,50.0
3000,2024-11-19,COUPLE_DAY,4,7,0.0,11,2024,1,0,0,,0,0,Winter,0,0,1,0,1,12.0,12.0,1.0,1.0,0,1,0,Standard,26.0,20.0,60.0,50.0
2000,2024-11-21,COUPLE_DAY,4,7,0.0,11,2024,3,0,0,,0,0,Winter,0,0,1,0,1,12.0,12.0,1.0,1.0,0,1,0,Standard,26.0,20.0,60.0,50.0
2300,2024-11-22,12H_NIGHT,4,7,0.0,11,2024,4,0,0,,0,0,Winter,0,0,1,0,1,12.0,12.0,1.0,1.0,0,1,0,Standard,26.0,20.0,60.0,50.0
1500,2024-11-23,COUPLE_DAY,4,7,0.0,11,2024,5,1,0,,0,0,Winter,0,0,1,1,0,12.0,12.0,1.0,1.0,0,1,0,Standard,26.0,20.0,60.0,70.0
5000,2024-11-23,24H_NIGHT,4,7,0.0,11,2024,5,1,0,,0,0,Winter,0,0,1,1,0,24.0,24.0,1.0,1.0,0,1,0,Standard,26.0,20.0,60.0,70.0
2000,2024-11-24,12H_NIGHT,4,7,0.0,11,2024,6,1,0,,0,0,Winter,0,0,1,1,0,12.0,12.0,1.0,1.0,0,1,0,Standard,26.0,20.0,60.0,70.0
2500,2024-11-25,COUPLE_DAY,4,7,0.0,11,2024,0,0,0,,0,0,Winter,0,0,1,0,1,12.0,12.0,1.0,1.0,0,1,0,Standard,26.0,20.0,60.0,50.0
1900,2024-11-27,COUPLE_DAY,4,7,0.0,11,2024,2,0,0,,0,0,Winter,0,0,1,0,1,12.0,12.0,1.0,1.0,0,1,0,Standard,26.0,20.0,60.0,50.0
3000,2024-11-28,COUPLE_DAY,4,7,0.0,11,2024,3,0,0,,0,0,Winter,0,0,1,0,1,12.0,12.0,1.0,1.0,0,1,0,Standard,26.0,20.0,60.0,50.0
2000,2024-11-29,COUPLE_DAY,4,7,0.0,11,2024,4,0,0,,0,0,Winter,0,0,1,0,1,12.0,12.0,1.0,1.0,0,1,0,Standard,26.0,20.0,60.0,50.0
2500,2024-11-29,12H_NIGHT,4,7,0.0,11,2024,4,0,0,,0,0,Winter,0,0,1,0,1,12.0,12.0,1.0,1.0,0,1,0,Standard,26.0,20.0,60.0,50.0
3500,2024-12-01,12H_DAY,4,7,0.0,12,2024,6,1,0,,0,1,Winter,0,0,1,1,0,12.0,12.0,1.0,1.0,0,1,0,Standard,26.0,20.0,60.0,80.0
1500,2024-12-03,COUPLE_DAY,4,7,0.0,12,2024,1,0,0,,0,1,Winter,0,0,1,1,1,12.0,12.0,1.0,1.0,0,1,0,Standard,26.0,20.0,60.0,60.0
1500,2024-12-04,COUPLE_DAY,4,7,0.0,12,2024,2,0,0,,0,1,Winter,0,0,1,1,1,12.0,12.0,1.0,1.0,0,1,0,Standard,26.0,20.0,60.0,60.0
4000,2024-12-05,24H_NIGHT,4,7,0.0,12,2024,3,0,0,,0,1,Winter,0,0,1,1,1,24.0,24.0,1.0,1.0,0,1,0,Standard,26.0,20.0,60.0,60.0
3800,2024-12-06,24H_NIGHT,4,7,0.0,12,2024,4,0,0,,0,1,Winter,0,0,1,1,1,24.0,24.0,1.0,1.0,0,1,0,Standard,26.0,20.0,60.0,60.0
2000,2024-12-09,COUPLE_DAY,4,7,0.0,12,2024,0,0,0,,0,1,Winter,0,0,1,1,1,12.0,12.0,1.0,1.0,0,1,0,Standard,26.0,20.0,60.0,60.0
2700,2024-12-09,COUPLE_DAY,4,7,0.0,12,2024,0,0,0,,0,1,Winter,0,0,1,1,1,12.0,12.0,1.0,1.0,0,1,0,Standard,26.0,20.0,60.0,60.0
1500,2024-12-11,COUPLE_DAY,4,7,0.0,12,2024,2,0,0,,0,1,Winter,0,0,1,1,1,12.0,12.0,1.0,1.0,0,1,0,Standard,26.0,20.0,60.0,60.0
2000,2024-12-11,12H_NIGHT,4,7,0.0,12,2024,2,0,0,,0,1,Winter,0,0,1,1,1,12.0,12.0,1.0,1.0,0,1,0,Standard,26.0,20.0,60.0,60.0
3000,2024-12-13,24H_DAY,4,7,0.0,12,2024,4,0,0,,0,1,Winter,0,0,1,1,1,24.0,24.0,1.0,1.0,0,1,0,Standard,26.0,20.0,60.0,60.0
2500,2024-12-14,COUPLE_DAY,4,7,0.0,12,2024,5,1,0,,0,1,Winter,0,0,1,1,0,12.0,12.0,1.0,1.0,0,1,0,Standard,26.0,20.0,60.0,80.0
2500,2024-12-15,COUPLE_DAY,4,7,0.0,12,2024,6,1,0,,0,1,Winter,0,0,1,1,0,12.0,12.0,1.0,1.0,0,1,0,Standard,26.0,20.0,60.0,80.0
1500,2024-12-18,COUPLE_DAY,4,7,0.0,12,2024,2,0,0,,0,1,Winter,0,0,1,1,1,12.0,12.0,1.0,1.0,0,1,0,Standard,26.0,20.0,60.0,60.0
2500,2024-12-19,COUPLE_DAY,4,7,0.0,12,2024,3,0,0,,0,1,Winter,0,0,1,1,1,12.0,12.0,1.0,1.0,0,1,0,Standard,26.0,20.0,60.0,60.0
5000,2024-12-21,24H_NIGHT,4,7,0.0,12,2024,5,1,0,,0,1,Winter,0,0,1,1,0,24.0,24.0,1.0,1.0,0,1,0,Standard,26.0,20.0,60.0,80.0
1500,2024-12-25,COUPLE_DAY,4,7,0.0,12,2024,2,0,1,Christmas,0,1,Winter,0,0,1,1,0,12.0,12.0,1.0,1.0,0,1,0,Standard,26.0,20.0,60.0,85.0
4500,2024-12-27,COUPLE_DAY,4,7,0.0,12,2024,4,0,0,,0,1,Winter,0,0,1,1,1,12.0,12.0,1.0,1.0,0,1,0,Standard,26.0,20.0,60.0,60.0
5000,2024-12-28,24H_NIGHT,4,7,0.0,12,2024,5,1,0,,0,1,Winter,0,0,1,1,0,24.0,24.0,1.0,1.0,0,1,0,Standard,26.0,20.0,60.0,80.0
2700,2024-12-31,COUPLE_DAY,4,7,0.0,12,2024,1,0,1,New Year's Eve,1,1,Winter,0,0,1,1,0,12.0,12.0,1.0,1.0,0,1,0,Standard,26.0,20.0,60.0,100.0
4000,2024-12-31,12H_NIGHT,4,7,0.0,12,2024,1,0,1,New Year's Eve,1,1,Winter,0,0,1,1,0,12.0,12.0,1.0,1.0,0,1,0,Standard,26.0,20.0,60.0,100.0
2000,2025-01-02,COUPLE_DAY,4,7,0.0,1,2025,3,0,0,,0,1,Winter,0,0,1,1,1,12.0,12.0,1.0,1.0,0,1,0,Standard,26.0,20.0,60.0,60.0
3000,2025-01-04,COUPLE_DAY,4,7,0.0,1,2025,5,1,0,,0,1,Winter,0,0,1,1,0,12.0,12.0,1.0,1.0,0,1,0,Standard,26.0,20.0,60.0,80.0
5000,2025-01-04,24H_NIGHT,4,7,0.0,1,2025,5,1,0,,0,1,Winter,0,0,1,1,0,24.0,24.0,1.0,1.0,0,1,0,Standard,26.0,20.0,60.0,80.0
2500,2025-01-06,COUPLE_DAY,4,7,0.0,1,2025,0,0,0,,0,1,Winter,0,0,1,1,1,12.0,12.0,1.0,1.0,0,1,0,Standard,26.0,20.0,60.0,60.0
2500,2025-01-08,COUPLE_DAY,4,7,0.0,1,2025,2,0,0,,0,1,Winter,0,0,1,1,1,12.0,12.0,1.0,1.0,0,1,0,Standard,26.0,20.0,60.0,60.0
4200,2025-01-08,24H_NIGHT,4,7,0.0,1,2025,2,0,0,,0,1,Winter,0,0,1,1,1,24.0,24.0,1.0,1.0,0,1,0,Standard,26.0,20.0,60.0,60.0
2000,2025-01-10,COUPLE_DAY,4,7,0.0,1,2025,4,0,0,,0,1,Winter,0,0,1,1,1,12.0,12.0,1.0,1.0,0,1,0,Standard,26.0,20.0,60.0,60.0
2000,2025-01-11,COUPLE_DAY,4,7,0.0,1,2025,5,1,0,,0,1,Winter,0,0,1,1,0,12.0,12.0,1.0,1.0,0,1,0,Standard,26.0,20.0,60.0,80.0
5000,2025-01-11,24H_NIGHT,4,7,0.0,1,2025,5,1,0,,0,1,Winter,0,0,1,1,0,24.0,24.0,1.0,1.0,0,1,0,Standard,26.0,20.0,60.0,80.0
4000,2025-01-12,24H_NIGHT,4,7,0.0,1,2025,6,1,0,,0,1,Winter,0,0,1,1,0,24.0,24.0,1.0,1.0,0,1,0,Standard,26.0,20.0,60.0,80.0
8000,2025-01-13,24H_NIGHT,4,7,0.0,1,2025,0,0,0,,0,1,Winter,0,0,1,1,1,24.0,24.0,1.0,1.0,0,1,0,Standard,26.0,20.0,60.0,60.0
4000,2025-01-15,24H_NIGHT,4,7,0.0,1,2025,2,0,1,Vasi Uttarayan,0,1,Winter,0,0,1,1,0,24.0,24.0,1.0,1.0,0,1,0,Standard,26.0,20.0,60.0,85.0
1500,2025-01-17,COUPLE_DAY,4,7,0.0,1,2025,4,0,0,,0,1,Winter,0,0,1,1,1,12.0,12.0,1.0,1.0,0,1,0,Standard,26.0,20.0,60.0,60.0
5000,2025-01-18,24H_NIGHT,4,7,0.0,1,2025,5,1,0,,0,1,Winter,0,0,1,1,0,24.0,24.0,1.0,1.0,0,1,0,Standard,26.0,20.0,60.0,80.0
1500,2025-01-24,COUPLE_DAY,4,7,0.0,1,2025,4,0,0,,0,1,Winter,0,0,1,1,1,12.0,12.0,1.0,1.0,0,1,0,Standard,26.0,20.0,60.0,60.0
2500,2025-01-24,12H_NIGHT,4,7,0.0,1,2025,4,0,0,,0,1,Winter,0,0,1,1,1,12.0,12.0,1.0,1.0,0,1,0,Standard,26.0,20.0,60.0,60.0
2000,2025-01-25,COUPLE_DAY,4,7,0.0,1,2025,5,1,0,,0,1,Winter,0,0,1,1,0,12.0,12.0,1.0,1.0,0,1,0,Standard,26.0,20.0,60.0,80.0
4000,2025-01-25,24H_NIGHT,4,7,0.0,1,2025,5,1,0,,0,1,Winter,0,0,1,1,0,24.0,24.0,1.0,1.0,0,1,0,Standard,26.0,20.0,60.0,80.0
2000,2025-01-27,12H_NIGHT,4,7,0.0,1,2025,0,0,0,,0,1,Winter,0,0,1,1,1,12.0,12.0,1.0,1.0,0,1,0,Standard,26.0,20.0,60.0,60.0
2000,2025-01-28,COUPLE_DAY,4,7,0.0,1,2025,1,0,0,,0,1,Winter,0,0,1,1,1,12.0,12.0,1.0,1.0,0,1,0,Standard,26.0,20.0,60.0,60.0
3000,2025-01-28,24H_NIGHT,4,7,0.0,1,2025,1,0,0,,0,1,Winter,0,0,1,1,1,24.0,24.0,1.0,1.0,0,1,0,Standard,26.0,20.0,60.0,60.0
2000,2025-01-31,COUPLE_DAY,4,7,0.0,1,2025,4,0,0,,0,1,Winter,0,0,1,1,1,12.0,12.0,1.0,1.0,0,1,0,Standard,26.0,20.0,60.0,60.0
3800,2025-01-31,24H_NIGHT,4,7,0.0,1,2025,4,0,0,,0,1,Winter,0,0,1,1,1,24.0,24.0,1.0,1.0,0,1,0,Standard,26.0,20.0,60.0,60.0
5500,2025-02-01,24H_NIGHT,4,7,0.0,2,2025,5,1,0,,0,0,Winter,0,0,1,1,0,24.0,24.0,1.0,1.0,0,1,0,Standard,26.0,20.0,60.0,70.0
1500,2025-02-03,12H_NIGHT,4,7,0.0,2,2025,0,0,0,,0,0,Winter,0,0,1,0,1,12.0,12.0,1.0,1.0,0,1,0,Standard,26.0,20.0,60.0,50.0
2500,2025-02-07,COUPLE_DAY,4,7,0.0,2,2025,4,0,0,,0,0,Winter,0,0,1,0,1,12.0,12.0,1.0,1.0,0,1,0,Standard,26.0,20.0,60.0,50.0
2500,2025-02-08,COUPLE_DAY,4,7,0.0,2,2025,5,1,0,,0,0,Winter,0,0,1,1,0,12.0,12.0,1.0,1.0,0,1,0,Standard,26.0,20.0,60.0,70.0
3500,2025-02-09,24H_NIGHT,4,7,0.0,2,2025,6,1,0,,0,0,Winter,0,0,1,1,0,24.0,24.0,1.0,1.0,0,1,0,Standard,26.0,20.0,60.0,70.0
3500,2025-02-10,24H_NIGHT,4,7,0.0,2,2025,0,0,0,,0,0,Winter,0,0,1,0,1,24.0,24.0,1.0,1.0,0,1,0,Standard,26.0,20.0,60.0,50.0
2500,2025-02-12,COUPLE_DAY,4,7,0.0,2,2025,2,0,0,,0,0,Winter,0,0,1,0,1,12.0,12.0,1.0,1.0,0,1,0,Standard,26.0,20.0,60.0,50.0
3000,2025-02-14,COUPLE_DAY,4,7,0.0,2,2025,4,0,0,,0,0,Winter,0,0,1,0,1,12.0,12.0,1.0,1.0,0,1,0,Standard,26.0,20.0,60.0,50.0
3500,2025-02-14,24H_NIGHT,4,7,0.0,2,2025,4,0,0,,0,0,Winter,0,0,1,0,1,24.0,24.0,1.0,1.0,0,1,0,Standard,26.0,20.0,60.0,50.0
1500,2025-02-17,COUPLE_DAY,4,7,0.0,2,2025,0,0,0,,0,0,Winter,0,0,1,0,1,12.0,12.0,1.0,1.0,0,1,0,Standard,26.0,20.0,60.0,50.0
2000,2025-02-18,COUPLE_DAY,4,7,0.0,2,2025,1,0,1,Maha Shivratri,0,0,Winter,0,0,1,1,0,12.0,12.0,1.0,1.0,0,1,0,Standard,26.0,20.0,60.0,75.0
2500,2025-02-19,COUPLE_DAY,4,7,0.0,2,2025,2,0,0,,0,0,Winter,0,0,1,0,1,12.0,12.0,1.0,1.0,0,1,0,Standard,26.0,20.0,60.0,50.0
2000,2025-02-20,COUPLE_DAY,4,7,0.0,2,2025,3,0,0,,0,0,Winter,0,0,1,0,1,12.0,12.0,1.0,1.0,0,1,0,Standard,26.0,20.0,60.0,50.0
1500,2025-02-22,COUPLE_DAY,4,7,0.0,2,2025,5,1,0,,0,0,Winter,0,0,1,1,0,12.0,12.0,1.0,1.0,0,1,0,Standard,26.0,20.0,60.0,70.0
3500,2025-02-23,12H_DAY,4,7,0.0,2,2025,6,1,0,,0,0,Winter,0,0,1,1,0,12.0,12.0,1.0,1.0,0,1,0,Standard,26.0,20.0,60.0,70.0
4000,2025-03-03,24H_NIGHT,4,7,0.0,3,2025,0,0,0,,0,0,Summer,0,1,0,1,0,24.0,24.0,1.0,1.0,0,1,0,Standard,26.0,20.0,60.0,50.0
2500,2025-03-04,12H_NIGHT,4,7,0.0,3,2025,1,0,1,Holi,0,0,Summer,0,1,0,1,0,12.0,12.0,1.0,1.0,0,1,0,Standard,26.0,20.0,60.0,75.0
7000,2025-03-08,24H_NIGHT,4,7,0.0,3,2025,5,1,1,Holi,0,0,Summer,0,1,0,1,0,24.0,24.0,1.0,1.0,0,1,0,Standard,26.0,20.0,60.0,95.0
4000,2025-03-09,24H_NIGHT,4,7,0.0,3,2025,6,1,1,Dhuleti,0,0,Summer,0,1,0,1,0,24.0,24.0,1.0,1.0,0,1,0,Standard,26.0,20.0,60.0,95.0
5000,2025-03-10,24H_NIGHT,4,7,0.0,3,2025,0,0,0,,0,0,Summer,0,1,0,1,0,24.0,24.0,1.0,1.0,0,1,0,Standard,26.0,20.0,60.0,50.0
5000,2025-03-11,24H_NIGHT,4,7,0.0,3,2025,1,0,0,,0,0,Summer,0,1,0,1,0,24.0,24.0,1.0,1.0,0,1,0,Standard,26.0,20.0,60.0,50.0
6000,2025-03-12,24H_NIGHT,4,7,0.0,3,2025,2,0,0,,0,0,Summer,0,1,0,1,0,24.0,24.0,1.0,1.0,0,1,0,Standard,26.0,20.0,60.0,50.0
20000,2025-03-13,24H_NIGHT,4,7,0.0,3,2025,3,0,0,,0,0,Summer,0,1,0,1,0,24.0,24.0,1.0,1.0,0,1,0,Standard,26.0,20.0,60.0,50.0
7000,2025-03-14,24H_NIGHT,4,7,0.0,3,2025,4,0,1,Holi,0,0,Summer,0,1,0,1,0,24.0,24.0,1.0,1.0,0,1,0,Standard,26.0,20.0,60.0,75.0
7500,2025-03-15,24H_NIGHT,4,7,0.0,3,2025,5,1,1,Dhuleti,0,0,Summer,0,1,0,1,0,24.0,24.0,1.0,1.0,0,1,0,Standard,26.0,20.0,60.0,95.0
3000,2025-03-16,12H_NIGHT,4,7,0.0,3,2025,6,1,0,,0,0,Summer,0,1,0,1,0,12.0,12.0,1.0,1.0,0,1,0,Standard,26.0,20.0,60.0,70.0
4000,2025-03-18,24H_NIGHT,4,7,0.0,3,2025,1,0,0,,0,0,Summer,0,1,0,1,0,24.0,24.0,1.0,1.0,0,1,0,Standard,26.0,20.0,60.0,50.0
4000,2025-03-19,24H_NIGHT,4,7,0.0,3,2025,2,0,0,,0,0,Summer,0,1,0,1,0,24.0,24.0,1.0,1.0,0,1,0,Standard,26.0,20.0,60.0,50.0
2500,2025-03-20,12H_NIGHT,4,7,0.0,3,2025,3,0,1,Ram Navami,0,0,Summer,0,1,0,1,0,12.0,12.0,1.0,1.0,0,1,0,Standard,26.0,20.0,60.0,75.0
2000,2025-03-21,COUPLE_DAY,4,7,0.0,3,2025,4,0,0,,0,0,Summer,0,1,0,1,0,12.0,12.0,1.0,1.0,0,1,0,Standard,26.0,20.0,60.0,50.0
4500,2025-03-21,24H_NIGHT,4,7,0.0,3,2025,4,0,0,,0,0,Summer,0,1,0,1,0,24.0,24.0,1.0,1.0,0,1,0,Standard,26.0,20.0,60.0,50.0
9500,2025-03-22,24H_NIGHT,4,7,0.0,3,2025,5,1,0,,0,0,Summer,0,1,0,1,0,24.0,24.0,1.0,1.0,0,1,0,Standard,26.0,20.0,60.0,70.0
3500,2025-03-23,24H_NIGHT,4,7,0.0,3,2025,6,1,0,,0,0,Summer,0,1,0,1,0,24.0,24.0,1.0,1.0,0,1,0,Standard,26.0,20.0,60.0,70.0
1000,2025-03-26,COUPLE_DAY,4,7,0.0,3,2025,2,0,1,Dhuleti,0,0,Summer,0,1,0,1,0,12.0,12.0,1.0,1.0,0,1,0,Standard,26.0,20.0,60.0,75.0
3000,2025-03-27,COUPLE_DAY,4,7,0.0,3,2025,3,0,0,,0,0,Summer,0,1,0,1,0,12.0,12.0,1.0,1.0,0,1,0,Standard,26.0,20.0,60.0,50.0
2500,2025-03-28,COUPLE_DAY,4,7,0.0,3,2025,4,0,0,,0,0,Summer,0,1,0,1,0,12.0,12.0,1.0,1.0,0,1,0,Standard,26.0,20.0,60.0,50.0
4000,2025-03-28,24H_NIGHT,4,7,0.0,3,2025,4,0,0,,0,0,Summer,0,1,0,1,0,24.0,24.0,1.0,1.0,0,1,0,Standard,26.0,20.0,60.0,50.0
9500,2025-03-29,24H_NIGHT,4,7,0.0,3,2025,5,1,1,Eid-ul-Fitr,0,0,Summer,0,1,0,1,0,24.0,24.0,1.0,1.0,0,1,0,Standard,26.0,20.0,60.0,95.0
4500,2025-03-30,24H_NIGHT,4,7,0.0,3,2025,6,1,1,Ram Navami,0,0,Summer,0,1,0,1,0,24.0,24.0,1.0,1.0,0,1,0,Standard,26.0,20.0,60.0,95.0
3000,2025-03-31,12H_NIGHT,4,7,0.0,3,2025,0,0,0,,0,0,Summer,0,1,0,1,0,12.0,12.0,1.0,1.0,0,1,0,Standard,26.0,20.0,60.0,50.0
4500,2025-04-01,24H_NIGHT,4,7,0.0,4,2025,1,0,0,,0,0,Summer,0,1,0,1,0,24.0,24.0,1.0,1.0,0,1,0,Standard,26.0,20.0,60.0,50.0
5500,2025-04-02,24H_NIGHT,4,7,0.0,4,2025,2,0,0,,0,0,Summer,0,1,0,1,0,24.0,24.0,1.0,1.0,0,1,0,Standard,26.0,20.0,60.0,50.0
5400,2025-04-04,24H_NIGHT,4,7,0.0,4,2025,4,0,1,Mahavir Jayanti,0,0,Summer,0,1,0,1,0,24.0,24.0,1.0,1.0,0,1,0,Standard,26.0,20.0,60.0,75.0
7000,2025-04-05,24H_NIGHT,4,7,0.0,4,2025,5,1,0,,0,0,Summer,0,1,0,1,0,24.0,24.0,1.0,1.0,0,1,0,Standard,26.0,20.0,60.0,70.0
3000,2025-04-09,COUPLE_DAY,4,7,0.0,4,2025,2,0,0,,0,0,Summer,0,1,0,1,0,12.0,12.0,1.0,1.0,0,1,0,Standard,26.0,20.0,60.0,50.0
2500,2025-04-10,COUPLE_DAY,4,7,0.0,4,2025,3,0,0,,0,0,Summer,0,1,0,1,0,12.0,12.0,1.0,1.0,0,1,0,Standard,26.0,20.0,60.0,50.0
5000,2025-04-10,24H_NIGHT,4,7,0.0,4,2025,3,0,0,,0,0,Summer,0,1,0,1,0,24.0,24.0,1.0,1.0,0,1,0,Standard,26.0,20.0,60.0,50.0
6000,2025-04-11,24H_NIGHT,4,7,0.0,4,2025,4,0,1,Eid-ul-Fitr,0,0,Summer,0,1,0,1,0,24.0,24.0,1.0,1.0,0,1,0,Standard,26.0,20.0,60.0,75.0
12000,2025-04-12,24H_NIGHT,4,7,0.0,4,2025,5,1,0,,0,0,Summer,0,1,0,1,0,24.0,24.0,1.0,1.0,0,1,0,Standard,26.0,20.0,60.0,70.0
5000,2025-04-13,24H_NIGHT,4,7,0.0,4,2025,6,1,0,,0,0,Summer,0,1,0,1,0,24.0,24.0,1.0,1.0,0,1,0,Standard,26.0,20.0,60.0,70.0
5500,2025-04-14,24H_NIGHT,4,7,0.0,4,2025,0,0,0,,0,0,Summer,0,1,0,1,0,24.0,24.0,1.0,1.0,0,1,0,Standard,26.0,20.0,60.0,50.0
2500,2025-04-16,COUPLE_DAY,4,7,0.0,4,2025,2,0,0,,0,0,Summer,0,1,0,1,0,12.0,12.0,1.0,1.0,0,1,0,Standard,26.0,20.0,60.0,50.0
5500,2025-04-16,24H_NIGHT,4,7,0.0,4,2025,2,0,0,,0,0,Summer,0,1,0,1,0,24.0,24.0,1.0,1.0,0,1,0,Standard,26.0,20.0,60.0,50.0
6000,2025-04-17,24H_NIGHT,4,7,0.0,4,2025,3,0,1,Ram Navami,0,0,Summer,0,1,0,1,0,24.0,24.0,1.0,1.0,0,1,0,Standard,26.0,20.0,60.0,75.0
5500,2025-04-18,24H_NIGHT,4,7,0.0,4,2025,4,0,0,,0,0,Summer,0,1,0,1,0,24.0,24.0,1.0,1.0,0,1,0,Standard,26.0,20.0,60.0,50.0
12000,2025-04-19,24H_NIGHT,4,7,0.0,4,2025,5,1,0,,0,0,Summer,0,1,0,1,0,24.0,24.0,1.0,1.0,0,1,0,Standard,26.0,20.0,60.0,70.0
5500,2025-04-20,24H_NIGHT,4,7,0.0,4,2025,6,1,0,,0,0,Summer,0,1,0,1,0,24.0,24.0,1.0,1.0,0,1,0,Standard,26.0,20.0,60.0,70.0
5500,2025-04-21,24H_NIGHT,4,7,0.0,4,2025,0,0,1,Mahavir Jayanti,0,0,Summer,0,1,0,1,0,24.0,24.0,1.0,1.0,0,1,0,Standard,26.0,20.0,60.0,75.0
4500,2025-04-22,24H_NIGHT,4,7,0.0,4,2025,1,0,1,Eid-ul-Fitr,0,0,Summer,0,1,0,1,0,24.0,24.0,1.0,1.0,0,1,0,Standard,26.0,20.0,60.0,75.0
3500,2025-04-23,12H_NIGHT,4,7,0.0,4,2025,2,0,0,,0,0,Summer,0,1,0,1,0,12.0,12.0,1.0,1.0,0,1,0,Standard,26.0,20.0,60.0,50.0
3000,2025-04-25,COUPLE_DAY,4,7,0.0,4,2025,4,0,0,,0,0,Summer,0,1,0,1,0,12.0,12.0,1.0,1.0,0,1,0,Standard,26.0,20.0,60.0,50.0
5500,2025-04-25,24H_NIGHT,4,7,0.0,4,2025,4,0,0,,0,0,Summer,0,1,0,1,0,24.0,24.0,1.0,1.0,0,1,0,Standard,26.0,20.0,60.0,50.0
13000,2025-04-26,24H_NIGHT,4,7,0.0,4,2025,5,1,0,,0,0,Summer,0,1,0,1,0,24.0,24.0,1.0,1.0,0,1,0,Standard,26.0,20.0,60.0,70.0
3000,2025-04-28,COUPLE_DAY,4,7,0.0,4,2025,0,0,0,,0,0,Summer,0,1,0,1,0,12.0,12.0,1.0,1.0,0,1,0,Standard,26.0,20.0,60.0,50.0
5500,2025-04-28,24H_NIGHT,4,7,0.0,4,2025,0,0,0,,0,0,Summer,0,1,0,1,0,24.0,24.0,1.0,1.0,0,1,0,Standard,26.0,20.0,60.0,50.0
4000,2025-04-30,COUPLE_DAY,4,7,0.0,4,2025,2,0,0,,0,0,Summer,0,1,0,1,0,12.0,12.0,1.0,1.0,0,1,0,Standard,26.0,20.0,60.0,50.0
5500,2025-04-30,24H_NIGHT,4,7,0.0,4,2025,2,0,0,,0,0,Summer,0,1,0,1,0,24.0,24.0,1.0,1.0,0,1,0,Standard,26.0,20.0,60.0,50.0
5000,2025-05-01,24H_NIGHT,4,7,0.0,5,2025,3,0,0,,0,1,Summer,0,1,0,1,0,24.0,24.0,1.0,1.0,0,1,0,Standard,26.0,20.0,60.0,60.0
12000,2025-05-03,24H_NIGHT,4,7,0.0,5,2025,5,1,0,,0,1,Summer,0,1,0,1,0,24.0,24.0,1.0,1.0,0,1,0,Standard,26.0,20.0,60.0,80.0
4500,2025-05-05,12H_DAY,4,7,0.0,5,2025,0,0,1,Buddha Purnima,0,1,Summer,0,1,0,1,0,12.0,12.0,1.0,1.0,0,1,0,Standard,26.0,20.0,60.0,85.0
2000,2025-05-06,COUPLE_DAY,4,7,0.0,5,2025,1,0,0,,0,1,Summer,0,1,0,1,0,12.0,12.0,1.0,1.0,0,1,0,Standard,26.0,20.0,60.0,60.0
5500,2025-05-06,24H_NIGHT,4,7,0.0,5,2025,1,0,0,,0,1,Summer,0,1,0,1,0,24.0,24.0,1.0,1.0,0,1,0,Standard,26.0,20.0,60.0,60.0
2500,2025-05-08,12H_NIGHT,4,7,0.0,5,2025,3,0,0,,0,1,Summer,0,1,0,1,0,12.0,12.0,1.0,1.0,0,1,0,Standard,26.0,20.0,60.0,60.0
3000,2025-05-09,COUPLE_DAY,4,7,0.0,5,2025,4,0,0,,0,1,Summer,0,1,0,1,0,12.0,12.0,1.0,1.0,0,1,0,Standard,26.0,20.0,60.0,60.0
2000,2025-05-10,COUPLE_DAY,4,7,0.0,5,2025,5,1,0,,0,1,Summer,0,1,0,1,0,12.0,12.0,1.0,1.0,0,1,0,Standard,26.0,20.0,60.0,80.0
10000,2025-05-10,24H_NIGHT,4,7,0.0,5,2025,5,1,0,,0,1,Summer,0,1,0,1,0,24.0,24.0,1.0,1.0,0,1,0,Standard,26.0,20.0,60.0,80.0
2000,2025-05-12,COUPLE_DAY,4,7,0.0,5,2025,0,0,0,,0,1,Summer,0,1,0,1,0,12.0,12.0,1.0,1.0,0,1,0,Standard,26.0,20.0,60.0,60.0
6000,2025-05-12,24H_NIGHT,4,7,0.0,5,2025,0,0,0,,0,1,Summer,0,1,0,1,0,24.0,24.0,1.0,1.0,0,1,0,Standard,26.0,20.0,60.0,60.0
5500,2025-05-13,24H_NIGHT,4,7,0.0,5,2025,1,0,0,,0,1,Summer,0,1,0,1,0,24.0,24.0,1.0,1.0,0,1,0,Standard,26.0,20.0,60.0,60.0
2000,2025-05-14,12H_NIGHT,4,7,0.0,5,2025,2,0,0,,0,1,Summer,0,1,0,1,0,12.0,12.0,1.0,1.0,0,1,0,Standard,26.0,20.0,60.0,60.0
4000,2025-05-15,COUPLE_DAY,4,7,0.0,5,2025,3,0,0,,0,1,Summer,0,1,0,1,0,12.0,12.0,1.0,1.0,0,1,0,Standard,26.0,20.0,60.0,60.0
10000,2025-05-15,COUPLE_DAY,4,7,0.0,5,2025,3,0,0,,0,1,Summer,0,1,0,1,0,12.0,12.0,1.0,1.0,0,1,0,Standard,26.0,20.0,60.0,60.0
11500,2025-05-17,24H_NIGHT,4,7,0.0,5,2025,5,1,0,,0,1,Summer,0,1,0,1,0,24.0,24.0,1.0,1.0,0,1,0,Standard,26.0,20.0,60.0,80.0
5000,2025-05-18,24H_NIGHT,4,7,0.0,5,2025,6,1,0,,0,1,Summer,0,1,0,1,0,24.0,24.0,1.0,1.0,0,1,0,Standard,26.0,20.0,60.0,80.0
5500,2025-05-19,24H_NIGHT,4,7,0.0,5,2025,0,0,0,,0,1,Summer,0,1,0,1,0,24.0,24.0,1.0,1.0,0,1,0,Standard,26.0,20.0,60.0,60.0
5000,2025-05-20,24H_NIGHT,4,7,0.0,5,2025,1,0,0,,0,1,Summer,0,1,0,1,0,24.0,24.0,1.0,1.0,0,1,0,Standard,26.0,20.0,60.0,60.0
5000,2025-05-21,24H_NIGHT,4,7,0.0,5,2025,2,0,0,,0,1,Summer,0,1,0,1,0,24.0,24.0,1.0,1.0,0,1,0,Standard,26.0,20.0,60.0,60.0
5500,2025-05-22,24H_NIGHT,4,7,0.0,5,2025,3,0,0,,0,1,Summer,0,1,0,1,0,24.0,24.0,1.0,1.0,0,1,0,Standard,26.0,20.0,60.0,60.0
2500,2025-05-23,12H_NIGHT,4,7,0.0,5,2025,4,0,1,Buddha Purnima,0,1,Summer,0,1,0,1,0,12.0,12.0,1.0,1.0,0,1,0,Standard,26.0,20.0,60.0,85.0
3500,2025-05-24,COUPLE_DAY,4,7,0.0,5,2025,5,1,0,,0,1,Summer,0,1,0,1,0,12.0,12.0,1.0,1.0,0,1,0,Standard,26.0,20.0,60.0,80.0
11000,2025-05-24,24H_NIGHT,4,7,0.0,5,2025,5,1,0,,0,1,Summer,0,1,0,1,0,24.0,24.0,1.0,1.0,0,1,0,Standard,26.0,20.0,60.0,80.0
2500,2025-05-25,12H_NIGHT,4,7,0.0,5,2025,6,1,0,,0,1,Summer,0,1,0,1,0,12.0,12.0,1.0,1.0,0,1,0,Standard,26.0,20.0,60.0,80.0
2550,2025-05-26,COUPLE_DAY,4,7,0.0,5,2025,0,0,0,,0,1,Summer,0,1,0,1,0,12.0,12.0,1.0,1.0,0,1,0,Standard,26.0,20.0,60.0,60.0
2500,2025-05-26,12H_NIGHT,4,7,0.0,5,2025,0,0,0,,0,1,Summer,0,1,0,1,0,12.0,12.0,1.0,1.0,0,1,0,Standard,26.0,20.0,60.0,60.0
3500,2025-05-27,COUPLE_DAY,4,7,0.0,5,2025,1,0,0,,0,1,Summer,0,1,0,1,0,12.0,12.0,1.0,1.0,0,1,0,Standard,26.0,20.0,60.0,60.0
2000,2025-05-28,COUPLE_DAY,4,7,0.0,5,2025,2,0,0,,0,1,Summer,0,1,0,1,0,12.0,12.0,1.0,1.0,0,1,0,Standard,26.0,20.0,60.0,60.0
3000,2025-05-28,COUPLE_DAY,4,7,0.0,5,2025,2,0,0,,0,1,Summer,0,1,0,1,0,12.0,12.0,1.0,1.0,0,1,0,Standard,26.0,20.0,60.0,60.0
4000,2025-05-28,COUPLE_DAY,4,7,0.0,5,2025,2,0,0,,0,1,Summer,0,1,0,1,0,12.0,12.0,1.0,1.0,0,1,0,Standard,26.0,20.0,60.0,60.0
5000,2025-05-29,24H_NIGHT,4,7,0.0,5,2025,3,0,0,,0,1,Summer,0,1,0,1,0,24.0,24.0,1.0,1.0,0,1,0,Standard,26.0,20.0,60.0,60.0
5000,2025-05-30,24H_NIGHT,4,7,0.0,5,2025,4,0,0,,0,1,Summer,0,1,0,1,0,24.0,24.0,1.0,1.0,0,1,0,Standard,26.0,20.0,60.0,60.0
12000,2025-05-31,24H_NIGHT,4,7,0.0,5,2025,5,1,0,,0,1,Summer,0,1,0,1,0,24.0,24.0,1.0,1.0,0,1,0,Standard,26.0,20.0,60.0,80.0
5000,2025-06-01,24H_NIGHT,4,7,0.0,6,2025,6,1,0,,0,0,Monsoon,1,0,0,1,0,24.0,24.0,1.0,1.0,0,1,0,Standard,26.0,20.0,60.0,70.0
5500,2025-06-02,24H_NIGHT,4,7,0.0,6,2025,0,0,0,,0,0,Monsoon,1,0,0,0,0,24.0,24.0,1.0,1.0,0,1,0,Standard,26.0,20.0,60.0,50.0
3000,2025-06-03,12H_NIGHT,4,7,0.0,6,2025,1,0,0,,0,0,Monsoon,1,0,0,0,0,12.0,12.0,1.0,1.0,0,1,0,Standard,26.0,20.0,60.0,50.0
2500,2025-06-04,COUPLE_DAY,4,7,0.0,6,2025,2,0,0,,0,0,Monsoon,1,0,0,0,0,12.0,12.0,1.0,1.0,0,1,0,Standard,26.0,20.0,60.0,50.0
5500,2025-06-04,24H_NIGHT,4,7,0.0,6,2025,2,0,0,,0,0,Monsoon,1,0,0,0,0,24.0,24.0,1.0,1.0,0,1,0,Standard,26.0,20.0,60.0,50.0
5500,2025-06-05,24H_NIGHT,4,7,0.0,6,2025,3,0,0,,0,0,Monsoon,1,0,0,0,0,24.0,24.0,1.0,1.0,0,1,0,Standard,26.0,20.0,60.0,50.0
1500,2025-06-06,COUPLE_NIGHT,4,7,0.0,6,2025,4,0,0,,0,0,Monsoon,1,0,0,0,0,12.0,12.0,1.0,1.0,0,1,0,Standard,26.0,20.0,60.0,50.0
2000,2025-06-07,COUPLE_DAY,4,7,0.0,6,2025,5,1,0,,0,0,Monsoon,1,0,0,1,0,12.0,12.0,1.0,1.0,0,1,0,Standard,26.0,20.0,60.0,70.0
5000,2025-06-07,12H_NIGHT,4,7,0.0,6,2025,5,1,0,,0,0,Monsoon,1,0,0,1,0,12.0,12.0,1.0,1.0,0,1,0,Standard,26.0,20.0,60.0,70.0
6000,2025-06-08,COUPLE_DAY,4,7,0.0,6,2025,6,1,0,,0,0,Monsoon,1,0,0,1,0,12.0,12.0,1.0,1.0,0,1,0,Standard,26.0,20.0,60.0,70.0
1500,2025-06-08,12H_NIGHT,4,7,0.0,6,2025,6,1,0,,0,0,Monsoon,1,0,0,1,0,12.0,12.0,1.0,1.0,0,1,0,Standard,26.0,20.0,60.0,70.0
3000,2025-06-09,COUPLE_DAY,4,7,0.0,6,2025,0,0,0,,0,0,Monsoon,1,0,0,0,0,12.0,12.0,1.0,1.0,0,1,0,Standard,26.0,20.0,60.0,50.0
3000,2025-06-11,COUPLE_DAY,4,7,0.0,6,2025,2,0,0,,0,0,Monsoon,1,0,0,0,0,12.0,12.0,1.0,1.0,0,1,0,Standard,26.0,20.0,60.0,50.0
1500,2025-06-12,COUPLE_DAY,4,7,0.0,6,2025,3,0,0,,0,0,Monsoon,1,0,0,0,0,12.0,12.0,1.0,1.0,0,1,0,Standard,26.0,20.0,60.0,50.0
2500,2025-06-12,12H_NIGHT,4,7,0.0,6,2025,3,0,0,,0,0,Monsoon,1,0,0,0,0,12.0,12.0,1.0,1.0,0,1,0,Standard,26.0,20.0,60.0,50.0
2500,2025-06-13,COUPLE_DAY,4,7,0.0,6,2025,4,0,0,,0,0,Monsoon,1,0,0,0,0,12.0,12.0,1.0,1.0,0,1,0,Standard,26.0,20.0,60.0,50.0
2500,2025-06-13,12H_NIGHT,4,7,0.0,6,2025,4,0,0,,0,0,Monsoon,1,0,0,0,0,12.0,12.0,1.0,1.0,0,1,0,Standard,26.0,20.0,60.0,50.0
2500,2025-06-14,COUPLE_DAY,4,7,0.0,6,2025,5,1,0,,0,0,Monsoon,1,0,0,1,0,12.0,12.0,1.0,1.0,0,1,0,Standard,26.0,20.0,60.0,70.0
10000,2025-06-14,24H_NIGHT,4,7,0.0,6,2025,5,1,0,,0,0,Monsoon,1,0,0,1,0,24.0,24.0,1.0,1.0,0,1,0,Standard,26.0,20.0,60.0,70.0
4500,2025-06-17,24H_NIGHT,4,7,0.0,6,2025,1,0,1,Bakrid,0,0,Monsoon,1,0,0,1,0,24.0,24.0,1.0,1.0,0,1,0,Standard,26.0,20.0,60.0,75.0
2400,2025-06-19,COUPLE_DAY,4,7,0.0,6,2025,3,0,0,,0,0,Monsoon,1,0,0,0,0,12.0,12.0,1.0,1.0,0,1,0,Standard,26.0,20.0,60.0,50.0
2500,2025-06-19,12H_NIGHT,4,7,0.0,6,2025,3,0,0,,0,0,Monsoon,1,0,0,0,0,12.0,12.0,1.0,1.0,0,1,0,Standard,26.0,20.0,60.0,50.0
2000,2025-06-20,COUPLE_DAY,4,7,0.0,6,2025,4,0,0,,0,0,Monsoon,1,0,0,0,0,12.0,12.0,1.0,1.0,0,1,0,Standard,26.0,20.0,60.0,50.0
4500,2025-06-20,24H_NIGHT,4,7,0.0,6,2025,4,0,0,,0,0,Monsoon,1,0,0,0,0,24.0,24.0,1.0,1.0,0,1,0,Standard,26.0,20.0,60.0,50.0
3500,2025-06-22,24H_NIGHT,4,7,0.0,6,2025,6,1,0,,0,0,Monsoon,1,0,0,1,0,24.0,24.0,1.0,1.0,0,1,0,Standard,26.0,20.0,60.0,70.0
4000,2025-06-23,24H_NIGHT,4,7,0.0,6,2025,0,0,0,,0,0,Monsoon,1,0,0,0,0,24.0,24.0,1.0,1.0,0,1,0,Standard,26.0,20.0,60.0,50.0
2300,2025-06-27,COUPLE_DAY,4,7,0.0,6,2025,4,0,0,,0,0,Monsoon,1,0,0,0,0,12.0,12.0,1.0,1.0,0,1,0,Standard,26.0,20.0,60.0,50.0
3000,2025-06-28,12H_NIGHT,4,7,0.0,6,2025,5,1,0,,0,0,Monsoon,1,0,0,1,0,12.0,12.0,1.0,1.0,0,1,0,Standard,26.0,20.0,60.0,70.0
3500,2025-06-29,COUPLE_DAY,4,7,0.0,6,2025,6,1,1,Bakrid,0,0,Monsoon,1,0,0,1,0,12.0,12.0,1.0,1.0,0,1,0,Standard,26.0,20.0,60.0,95.0
3500,2025-06-29,24H_NIGHT,4,7,0.0,6,2025,6,1,1,Bakrid,0,0,Monsoon,1,0,0,1,0,24.0,24.0,1.0,1.0,0,1,0,Standard,26.0,20.0,60.0,95.0
500,2025-06-30,COUPLE_DAY,4,7,0.0,6,2025,0,0,0,,0,0,Monsoon,1,0,0,0,0,12.0,12.0,1.0,1.0,0,1,0,Standard,26.0,20.0,60.0,50.0
2000,2025-07-05,COUPLE_DAY,4,7,0.0,7,2025,5,1,0,,0,0,Monsoon,1,0,0,1,0,12.0,12.0,1.0,1.0,0,1,0,Standard,26.0,20.0,60.0,70.0
5000,2025-07-05,24H_NIGHT,4,7,0.0,7,2025,5,1,0,,0,0,Monsoon,1,0,0,1,0,24.0,24.0,1.0,1.0,0,1,0,Standard,26.0,20.0,60.0,70.0
2000,2025-07-09,COUPLE_DAY,4,7,0.0,7,2025,2,0,0,,0,0,Monsoon,1,0,0,0,0,12.0,12.0,1.0,1.0,0,1,0,Standard,26.0,20.0,60.0,50.0
2000,2025-07-10,COUPLE_DAY,4,7,0.0,7,2025,3,0,0,,0,0,Monsoon,1,0,0,0,0,12.0,12.0,1.0,1.0,0,1,0,Standard,26.0,20.0,60.0,50.0
2000,2025-07-11,COUPLE_DAY,4,7,0.0,7,2025,4,0,0,,0,0,Monsoon,1,0,0,0,0,12.0,12.0,1.0,1.0,0,1,0,Standard,26.0,20.0,60.0,50.0
2000,2025-07-12,COUPLE_DAY,4,7,0.0,7,2025,5,1,0,,0,0,Monsoon,1,0,0,1,0,12.0,12.0,1.0,1.0,0,1,0,Standard,26.0,20.0,60.0,70.0
3000,2025-07-12,12H_NIGHT,4,7,0.0,7,2025,5,1,0,,0,0,Monsoon,1,0,0,1,0,12.0,12.0,1.0,1.0,0,1,0,Standard,26.0,20.0,60.0,70.0
4500,2025-07-13,12H_DAY,4,7,0.0,7,2025,6,1,0,,0,0,Monsoon,1,0,0,1,0,12.0,12.0,1.0,1.0,0,1,0,Standard,26.0,20.0,60.0,70.0
2500,2025-07-14,12H_DAY,4,7,0.0,7,2025,0,0,0,,0,0,Monsoon,1,0,0,0,0,12.0,12.0,1.0,1.0,0,1,0,Standard,26.0,20.0,60.0,50.0
2000,2025-07-15,COUPLE_DAY,4,7,0.0,7,2025,1,0,0,,0,0,Monsoon,1,0,0,0,0,12.0,12.0,1.0,1.0,0,1,0,Standard,26.0,20.0,60.0,50.0
2000,2025-07-17,COUPLE_DAY,4,7,0.0,7,2025,3,0,1,Muharram,0,0,Monsoon,1,0,0,1,0,12.0,12.0,1.0,1.0,0,1,0,Standard,26.0,20.0,60.0,75.0
4000,2025-07-18,24H_NIGHT,4,7,0.0,7,2025,4,0,0,,0,0,Monsoon,1,0,0,0,0,24.0,24.0,1.0,1.0,0,1,0,Standard,26.0,20.0,60.0,50.0
1000,2025-07-19,COUPLE_DAY,4,7,0.0,7,2025,5,1,0,,0,0,Monsoon,1,0,0,1,0,12.0,12.0,1.0,1.0,0,1,0,Standard,26.0,20.0,60.0,70.0
4500,2025-07-19,24H_NIGHT,4,7,0.0,7,2025,5,1,0,,0,0,Monsoon,1,0,0,1,0,24.0,24.0,1.0,1.0,0,1,0,Standard,26.0,20.0,60.0,70.0
5500,2025-07-21,COUPLE_DAY,4,7,0.0,7,2025,0,0,0,,0,0,Monsoon,1,0,0,0,0,12.0,12.0,1.0,1.0,0,1,0,Standard,26.0,20.0,60.0,50.0
3000,2025-07-22,24H_NIGHT,4,7,0.0,7,2025,1,0,0,,0,0,Monsoon,1,0,0,0,0,24.0,24.0,1.0,1.0,0,1,0,Standard,26.0,20.0,60.0,50.0
700,2025-07-22,12H_NIGHT,4,7,0.0,7,2025,1,0,0,,0,0,Monsoon,1,0,0,0,0,12.0,12.0,1.0,1.0,0,1,0,Standard,26.0,20.0,60.0,50.0
2500,2025-07-24,12H_DAY,4,7,0.0,7,2025,3,0,0,,0,0,Monsoon,1,0,0,0,0,12.0,12.0,1.0,1.0,0,1,0,Standard,26.0,20.0,60.0,50.0
2500,2025-07-25,COUPLE_DAY,4,7,0.0,7,2025,4,0,0,,0,0,Monsoon,1,0,0,0,0,12.0,12.0,1.0,1.0,0,1,0,Standard,26.0,20.0,60.0,50.0
3000,2025-07-26,12H_NIGHT,4,7,0.0,7,2025,5,1,0,,0,0,Monsoon,1,0,0,1,0,12.0,12.0,1.0,1.0,0,1,0,Standard,26.0,20.0,60.0,70.0
2000,2025-07-28,COUPLE_DAY,4,7,0.0,7,2025,0,0,0,,0,0,Monsoon,1,0,0,0,0,12.0,12.0,1.0,1.0,0,1,0,Standard,26.0,20.0,60.0,50.0
1800,2025-07-30,COUPLE_DAY,4,7,0.0,7,2025,2,0,0,,0,0,Monsoon,1,0,0,0,0,12.0,12.0,1.0,1.0,0,1,0,Standard,26.0,20.0,60.0,50.0
1500,2025-08-01,COUPLE_DAY,4,7,0.0,8,2025,4,0,0,,0,0,Monsoon,1,0,0,0,0,12.0,12.0,1.0,1.0,0,1,0,Standard,26.0,20.0,60.0,50.0
2200,2025-08-02,COUPLE_DAY,4,7,0.0,8,2025,5,1,0,,0,0,Monsoon,1,0,0,1,0,12.0,12.0,1.0,1.0,0,1,0,Standard,26.0,20.0,60.0,70.0
4500,2025-08-02,24H_NIGHT,4,7,0.0,8,2025,5,1,0,,0,0,Monsoon,1,0,0,1,0,24.0,24.0,1.0,1.0,0,1,0,Standard,26.0,20.0,60.0,70.0
3000,2025-08-04,12H_DAY,4,7,0.0,8,2025,0,0,0,,0,0,Monsoon,1,0,0,0,0,12.0,12.0,1.0,1.0,0,1,0,Standard,26.0,20.0,60.0,50.0
2500,2025-08-05,COUPLE_DAY,4,7,0.0,8,2025,1,0,0,,0,0,Monsoon,1,0,0,0,0,12.0,12.0,1.0,1.0,0,1,0,Standard,26.0,20.0,60.0,50.0
2700,2025-08-08,COUPLE_DAY,4,7,0.0,8,2025,4,0,0,,0,0,Monsoon,1,0,0,0,0,12.0,12.0,1.0,1.0,0,1,0,Standard,26.0,20.0,60.0,50.0
4500,2025-08-08,24H_NIGHT,4,7,0.0,8,2025,4,0,0,,0,0,Monsoon,1,0,0,0,0,24.0,24.0,1.0,1.0,0,1,0,Standard,26.0,20.0,60.0,50.0
4500,2025-08-09,24H_NIGHT,4,7,0.0,8,2025,5,1,0,,0,0,Monsoon,1,0,0,1,0,24.0,24.0,1.0,1.0,0,1,0,Standard,26.0,20.0,60.0,70.0
3500,2025-08-11,24H_NIGHT,4,7,0.0,8,2025,0,0,0,,0,0,Monsoon,1,0,0,0,0,24.0,24.0,1.0,1.0,0,1,0,Standard,26.0,20.0,60.0,50.0
3000,2025-08-13,COUPLE_DAY,4,7,0.0,8,2025,2,0,0,,0,0,Monsoon,1,0,0,0,0,12.0,12.0,1.0,1.0,0,1,0,Standard,26.0,20.0,60.0,50.0
4500,2025-08-14,24H_NIGHT,4,7,0.0,8,2025,3,0,0,,0,0,Monsoon,1,0,0,0,0,24.0,24.0,1.0,1.0,0,1,0,Standard,26.0,20.0,60.0,50.0
6500,2025-08-15,24H_NIGHT,4,7,0.0,8,2025,4,0,1,Independence Day,0,0,Monsoon,1,0,0,1,0,24.0,24.0,1.0,1.0,0,1,0,Standard,26.0,20.0,60.0,75.0
1000,2025-08-16,24H_NIGHT,4,7,0.0,8,2025,5,1,0,,0,0,Monsoon,1,0,0,1,0,24.0,24.0,1.0,1.0,0,1,0,Standard,26.0,20.0,60.0,70.0
5000,2025-08-16,24H_NIGHT,4,7,0.0,8,2025,5,1,0,,0,0,Monsoon,1,0,0,1,0,24.0,24.0,1.0,1.0,0,1,0,Standard,26.0,20.0,60.0,70.0
4000,2025-08-18,24H_DAY,4,7,0.0,8,2025,0,0,0,,0,0,Monsoon,1,0,0,0,0,24.0,24.0,1.0,1.0,0,1,0,Standard,26.0,20.0,60.0,50.0
3000,2025-08-21,COUPLE_DAY,4,7,0.0,8,2025,3,0,0,,0,0,Monsoon,1,0,0,0,0,12.0,12.0,1.0,1.0,0,1,0,Standard,26.0,20.0,60.0,50.0
3500,2025-08-22,24H_NIGHT,4,7,0.0,8,2025,4,0,0,,0,0,Monsoon,1,0,0,0,0,24.0,24.0,1.0,1.0,0,1,0,Standard,26.0,20.0,60.0,50.0
500,2025-08-23,COUPLE_DAY,4,7,0.0,8,2025,5,1,0,,0,0,Monsoon,1,0,0,1,0,12.0,12.0,1.0,1.0,0,1,0,Standard,26.0,20.0,60.0,70.0
3500,2025-08-23,24H_NIGHT,4,7,0.0,8,2025,5,1,0,,0,0,Monsoon,1,0,0,1,0,24.0,24.0,1.0,1.0,0,1,0,Standard,26.0,20.0,60.0,70.0
2500,2025-08-25,COUPLE_DAY,4,7,0.0,8,2025,0,0,0,,0,0,Monsoon,1,0,0,0,0,12.0,12.0,1.0,1.0,0,1,0,Standard,26.0,20.0,60.0,50.0
1500,2025-08-27,COUPLE_DAY,4,7,0.0,8,2025,2,0,1,Ganesh Chaturthi,0,0,Monsoon,1,0,0,1,0,12.0,12.0,1.0,1.0,0,1,0,Standard,26.0,20.0,60.0,75.0
3500,2025-08-27,24H_NIGHT,4,7,0.0,8,2025,2,0,1,Ganesh Chaturthi,0,0,Monsoon,1,0,0,1,0,24.0,24.0,1.0,1.0,0,1,0,Standard,26.0,20.0,60.0,75.0
3500,2025-08-29,COUPLE_DAY,4,7,0.0,8,2025,4,0,0,,0,0,Monsoon,1,0,0,0,0,12.0,12.0,1.0,1.0,0,1,0,Standard,26.0,20.0,60.0,50.0
2500,2025-08-31,COUPLE_DAY,4,7,0.0,8,2025,6,1,0,,0,0,Monsoon,1,0,0,1,0,12.0,12.0,1.0,1.0,0,1,0,Standard,26.0,20.0,60.0,70.0
1500,2025-09-03,COUPLE_DAY,4,7,0.0,9,2025,2,0,0,,0,0,Monsoon,1,0,0,0,0,12.0,12.0,1.0,1.0,0,1,0,Standard,26.0,20.0,60.0,50.0
3200,2025-09-03,12H_NIGHT,4,7,0.0,9,2025,2,0,0,,0,0,Monsoon,1,0,0,0,0,12.0,12.0,1.0,1.0,0,1,0,Standard,26.0,20.0,60.0,50.0
1000,2025-09-05,COUPLE_NIGHT,4,7,0.0,9,2025,4,0,0,,0,0,Monsoon,1,0,0,0,0,12.0,12.0,1.0,1.0,0,1,0,Standard,26.0,20.0,60.0,50.0
3000,2025-09-06,COUPLE_DAY,4,7,0.0,9,2025,5,1,0,,0,0,Monsoon,1,0,0,1,0,12.0,12.0,1.0,1.0,0,1,0,Standard,26.0,20.0,60.0,70.0
2200,2025-09-08,COUPLE_DAY,4,7,0.0,9,2025,0,0,0,,0,0,Monsoon,1,0,0,0,0,12.0,12.0,1.0,1.0,0,1,0,Standard,26.0,20.0,60.0,50.0
1500,2025-09-10,COUPLE_DAY,4,7,0.0,9,2025,2,0,0,,0,0,Monsoon,1,0,0,0,0,12.0,12.0,1.0,1.0,0,1,0,Standard,26.0,20.0,60.0,50.0
1500,2025-09-11,COUPLE_DAY,4,7,0.0,9,2025,3,0,0,,0,0,Monsoon,1,0,0,0,0,12.0,12.0,1.0,1.0,0,1,0,Standard,26.0,20.0,60.0,50.0
2500,2025-09-11,12H_NIGHT,4,7,0.0,9,2025,3,0,0,,0,0,Monsoon,1,0,0,0,0,12.0,12.0,1.0,1.0,0,1,0,Standard,26.0,20.0,60.0,50.0
1500,2025-09-12,COUPLE_DAY,4,7,0.0,9,2025,4,0,0,,0,0,Monsoon,1,0,0,0,0,12.0,12.0,1.0,1.0,0,1,0,Standard,26.0,20.0,60.0,50.0
2000,2025-09-13,COUPLE_DAY,4,7,0.0,9,2025,5,1,0,,0,0,Monsoon,1,0,0,1,0,12.0,12.0,1.0,1.0,0,1,0,Standard,26.0,20.0,60.0,70.0
4000,2025-09-13,24H_NIGHT,4,7,0.0,9,2025,5,1,0,,0,0,Monsoon,1,0,0,1,0,24.0,24.0,1.0,1.0,0,1,0,Standard,26.0,20.0,60.0,70.0
2000,2025-09-16,COUPLE_DAY,4,7,0.0,9,2025,1,0,0,,0,0,Monsoon,1,0,0,0,0,12.0,12.0,1.0,1.0,0,1,0,Standard,26.0,20.0,60.0,50.0
2200,2025-09-16,12H_NIGHT,4,7,0.0,9,2025,1,0,0,,0,0,Monsoon,1,0,0,0,0,12.0,12.0,1.0,1.0,0,1,0,Standard,26.0,20.0,60.0,50.0
2200,2025-09-17,COUPLE_DAY,4,7,0.0,9,2025,2,0,0,,0,0,Monsoon,1,0,0,0,0,12.0,12.0,1.0,1.0,0,1,0,Standard,26.0,20.0,60.0,50.0
1500,2025-09-18,COUPLE_DAY,4,7,0.0,9,2025,3,0,0,,0,0,Monsoon,1,0,0,0,0,12.0,12.0,1.0,1.0,0,1,0,Standard,26.0,20.0,60.0,50.0
1000,2025-09-20,24H_NIGHT,4,7,0.0,9,2025,5,1,0,,0,0,Monsoon,1,0,0,1,0,24.0,24.0,1.0,1.0,0,1,0,Standard,26.0,20.0,60.0,70.0
3000,2025-09-20,12H_NIGHT,4,7,0.0,9,2025,5,1,0,,0,0,Monsoon,1,0,0,1,0,12.0,12.0,1.0,1.0,0,1,0,Standard,26.0,20.0,60.0,70.0
1500,2025-09-25,COUPLE_DAY,4,7,0.0,9,2025,3,0,0,,0,0,Monsoon,1,0,0,0,0,12.0,12.0,1.0,1.0,0,1,0,Standard,26.0,20.0,60.0,50.0
1500,2025-09-26,COUPLE_DAY,4,7,0.0,9,2025,4,0,0,,0,0,Monsoon,1,0,0,0,0,12.0,12.0,1.0,1.0,0,1,0,Standard,26.0,20.0,60.0,50.0
2800,2025-09-26,12H_NIGHT,4,7,0.0,9,2025,4,0,0,,0,0,Monsoon,1,0,0,0,0,12.0,12.0,1.0,1.0,0,1,0,Standard,26.0,20.0,60.0,50.0
2500,2025-10-02,COUPLE_DAY,4,7,0.0,10,2025,3,0,0,,0,0,Winter,0,0,1,0,0,12.0,12.0,1.0,1.0,0,1,0,Standard,26.0,20.0,60.0,50.0
2800,2025-10-03,COUPLE_DAY,4,7,0.0,10,2025,4,0,1,Navratri Day 1,0,0,Winter,0,0,1,1,0,12.0,12.0,1.0,1.0,0,1,0,Standard,26.0,20.0,60.0,75.0
2500,2025-10-04,COUPLE_DAY,4,7,0.0,10,2025,5,1,0,,0,0,Winter,0,0,1,1,0,12.0,12.0,1.0,1.0,0,1,0,Standard,26.0,20.0,60.0,70.0
3000,2025-10-04,12H_NIGHT,4,7,0.0,10,2025,5,1,0,,0,0,Winter,0,0,1,1,0,12.0,12.0,1.0,1.0,0,1,0,Standard,26.0,20.0,60.0,70.0
3500,2025-10-05,12H_NIGHT,4,7,0.0,10,2025,6,1,0,,0,0,Winter,0,0,1,1,0,12.0,12.0,1.0,1.0,0,1,0,Standard,26.0,20.0,60.0,70.0
1500,2025-10-06,COUPLE_DAY,4,7,0.0,10,2025,0,0,0,,0,0,Winter,0,0,1,0,0,12.0,12.0,1.0,1.0,0,1,0,Standard,26.0,20.0,60.0,50.0
1500,2025-10-08,COUPLE_DAY,4,7,0.0,10,2025,2,0,0,,0,0,Winter,0,0,1,0,0,12.0,12.0,1.0,1.0,0,1,0,Standard,26.0,20.0,60.0,50.0
2500,2025-10-10,12H_NIGHT,4,7,0.0,10,2025,4,0,0,,0,0,Winter,0,0,1,0,0,12.0,12.0,1.0,1.0,0,1,0,Standard,26.0,20.0,60.0,50.0
2000,2025-10-11,COUPLE_DAY,4,7,0.0,10,2025,5,1,0,,0,0,Winter,0,0,1,1,0,12.0,12.0,1.0,1.0,0,1,0,Standard,26.0,20.0,60.0,70.0
2200,2025-10-11,12H_NIGHT,4,7,0.0,10,2025,5,1,0,,0,0,Winter,0,0,1,1,0,12.0,12.0,1.0,1.0,0,1,0,Standard,26.0,20.0,60.0,70.0
2200,2025-10-12,COUPLE_DAY,4,7,0.0,10,2025,6,1,1,Dussehra,0,0,Winter,0,0,1,1,0,12.0,12.0,1.0,1.0,0,1,0,Standard,26.0,20.0,60.0,95.0
2000,2025-10-13,COUPLE_DAY,4,7,0.0,10,2025,0,0,0,,0,0,Winter,0,0,1,0,0,12.0,12.0,1.0,1.0,0,1,0,Standard,26.0,20.0,60.0,50.0
1500,2025-10-14,COUPLE_DAY,4,7,0.0,10,2025,1,0,0,,0,0,Winter,0,0,1,0,0,12.0,12.0,1.0,1.0,0,1,0,Standard,26.0,20.0,60.0,50.0
2300,2025-10-15,COUPLE_DAY,4,7,0.0,10,2025,2,0,1,Navratri Day 1,0,0,Winter,0,0,1,1,0,12.0,12.0,1.0,1.0,0,1,0,Standard,26.0,20.0,60.0,75.0
2000,2025-10-16,COUPLE_DAY,4,7,0.0,10,2025,3,0,1,Navratri Day 2,0,0,Winter,0,0,1,1,0,12.0,12.0,1.0,1.0,0,1,0,Standard,26.0,20.0,60.0,75.0
2600,2025-10-17,COUPLE_DAY,4,7,0.0,10,2025,4,0,1,Navratri Day 3,0,0,Winter,0,0,1,1,0,12.0,12.0,1.0,1.0,0,1,0,Standard,26.0,20.0,60.0,75.0
2500,2025-10-17,12H_NIGHT,4,7,0.0,10,2025,4,0,1,Navratri Day 3,0,0,Winter,0,0,1,1,0,12.0,12.0,1.0,1.0,0,1,0,Standard,26.0,20.0,60.0,75.0
1500,2025-10-18,COUPLE_DAY,4,7,0.0,10,2025,5,1,1,Navratri Day 4,0,0,Winter,0,0,1,1,0,12.0,12.0,1.0,1.0,0,1,0,Standard,26.0,20.0,60.0,95.0
3700,2025-10-19,COUPLE_DAY,4,7,0.0,10,2025,6,1,1,Navratri Day 5,0,0,Winter,0,0,1,1,0,12.0,12.0,1.0,1.0,0,1,0,Standard,26.0,20.0,60.0,95.0
4000,2025-10-21,COUPLE_DAY,4,7,0.0,10,2025,1,0,1,Bestu Varas,0,0,Winter,0,0,1,1,0,12.0,12.0,1.0,1.0,0,1,0,Standard,26.0,20.0,60.0,75.0
1000,2025-10-22,COUPLE_DAY,4,7,0.0,10,2025,2,0,1,Navratri Day 8,0,0,Winter,0,0,1,1,0,12.0,12.0,1.0,1.0,0,1,0,Standard,26.0,20.0,60.0,75.0
6000,2025-10-22,24H_NIGHT,4,7,0.0,10,2025,2,0,1,Navratri Day 8,0,0,Winter,0,0,1,1,0,24.0,24.0,1.0,1.0,0,1,0,Standard,26.0,20.0,60.0,75.0
3000,2025-10-23,12H_NIGHT,4,7,0.0,10,2025,3,0,1,Navratri Day 9,0,0,Winter,0,0,1,1,0,12.0,12.0,1.0,1.0,0,1,0,Standard,26.0,20.0,60.0,75.0
3500,2025-10-24,COUPLE_DAY,4,7,0.0,10,2025,4,0,1,Dussehra,0,0,Winter,0,0,1,1,0,12.0,12.0,1.0,1.0,0,1,0,Standard,26.0,20.0,60.0,75.0
10500,2025-10-24,COUPLE_DAY,4,7,0.0,10,2025,4,0,1,Dussehra,0,0,Winter,0,0,1,1,0,12.0,12.0,1.0,1.0,0,1,0,Standard,26.0,20.0,60.0,75.0
3000,2025-10-26,12H_NIGHT,4,7,0.0,10,2025,6,1,0,,0,0,Winter,0,0,1,1,0,12.0,12.0,1.0,1.0,0,1,0,Standard,26.0,20.0,60.0,70.0
2000,2025-10-28,COUPLE_DAY,4,7,0.0,10,2025,1,0,1,Sharad Purnima,0,0,Winter,0,0,1,1,0,12.0,12.0,1.0,1.0,0,1,0,Standard,26.0,20.0,60.0,75.0
3000,2025-10-28,12H_NIGHT,4,7,0.0,10,2025,1,0,1,Sharad Purnima,0,0,Winter,0,0,1,1,0,12.0,12.0,1.0,1.0,0,1,0,Standard,26.0,20.0,60.0,75.0
2500,2025-10-29,12H_NIGHT,4,7,0.0,10,2025,2,0,1,Dhanteras,0,0,Winter,0,0,1,1,0,12.0,12.0,1.0,1.0,0,1,0,Standard,26.0,20.0,60.0,75.0
3000,2025-10-31,12H_NIGHT,4,7,0.0,10,2025,4,0,1,Kali Chaudas,0,0,Winter,0,0,1,1,0,12.0,12.0,1.0,1.0,0,1,0,Standard,26.0,20.0,60.0,75.0
6000,2025-11-01,24H_NIGHT,4,7,0.0,11,2025,5,1,1,Diwali,0,0,Winter,0,0,1,1,0,24.0,24.0,1.0,1.0,0,1,0,Standard,26.0,20.0,60.0,95.0
4000,2025-11-04,24H_DAY,4,7,0.0,11,2025,1,0,0,,0,0,Winter,0,0,1,0,1,24.0,24.0,1.0,1.0,0,1,0,Standard,26.0,20.0,60.0,50.0
3000,2025-11-06,COUPLE_DAY,4,7,0.0,11,2025,3,0,0,,0,0,Winter,0,0,1,0,1,12.0,12.0,1.0,1.0,0,1,0,Standard,26.0,20.0,60.0,50.0
3500,2025-11-06,24H_NIGHT,4,7,0.0,11,2025,3,0,0,,0,0,Winter,0,0,1,0,1,24.0,24.0,1.0,1.0,0,1,0,Standard,26.0,20.0,60.0,50.0
3500,2025-11-07,24H_NIGHT,4,7,0.0,11,2025,4,0,0,,0,0,Winter,0,0,1,0,1,24.0,24.0,1.0,1.0,0,1,0,Standard,26.0,20.0,60.0,50.0
1000,2025-11-08,24H_NIGHT,4,7,0.0,11,2025,5,1,1,Diwali,0,0,Winter,0,0,1,1,0,24.0,24.0,1.0,1.0,0,1,0,Standard,26.0,20.0,60.0,95.0
5500,2025-11-08,24H_NIGHT,4,7,0.0,11,2025,5,1,1,Diwali,0,0,Winter,0,0,1,1,0,24.0,24.0,1.0,1.0,0,1,0,Standard,26.0,20.0,60.0,95.0
700,2025-11-12,COUPLE_DAY,4,7,0.0,11,2025,2,0,1,Diwali,0,0,Winter,0,0,1,1,0,12.0,12.0,1.0,1.0,0,1,0,Standard,26.0,20.0,60.0,75.0
2500,2025-11-20,COUPLE_DAY,4,7,0.0,11,2025,3,0,0,,0,0,Winter,0,0,1,0,1,12.0,12.0,1.0,1.0,0,1,0,Standard,26.0,20.0,60.0,50.0
2000,2025-11-21,COUPLE_DAY,4,7,0.0,11,2025,4,0,0,,0,0,Winter,0,0,1,0,1,12.0,12.0,1.0,1.0,0,1,0,Standard,26.0,20.0,60.0,50.0
2000,2025-11-21,12H_NIGHT,4,7,0.0,11,2025,4,0,0,,0,0,Winter,0,0,1,0,1,12.0,12.0,1.0,1.0,0,1,0,Standard,26.0,20.0,60.0,50.0
2000,2025-11-22,COUPLE_DAY,4,7,0.0,11,2025,5,1,0,,0,0,Winter,0,0,1,1,0,12.0,12.0,1.0,1.0,0,1,0,Standard,26.0,20.0,60.0,70.0
5500,2025-11-22,24H_NIGHT,4,7,0.0,11,2025,5,1,0,,0,0,Winter,0,0,1,1,0,24.0,24.0,1.0,1.0,0,1,0,Standard,26.0,20.0,60.0,70.0
1500,2025-11-25,COUPLE_DAY,4,7,0.0,11,2025,1,0,0,,0,0,Winter,0,0,1,0,1,12.0,12.0,1.0,1.0,0,1,0,Standard,26.0,20.0,60.0,50.0
1500,2025-11-26,COUPLE_DAY,4,7,0.0,11,2025,2,0,0,,0,0,Winter,0,0,1,0,1,12.0,12.0,1.0,1.0,0,1,0,Standard,26.0,20.0,60.0,50.0
1500,2025-11-27,COUPLE_DAY,4,7,0.0,11,2025,3,0,0,,0,0,Winter,0,0,1,0,1,12.0,12.0,1.0,1.0,0,1,0,Standard,26.0,20.0,60.0,50.0
3000,2025-11-29,12H_NIGHT,4,7,0.0,11,2025,5,1,0,,0,0,Winter,0,0,1,1,0,12.0,12.0,1.0,1.0,0,1,0,Standard,26.0,20.0,60.0,70.0
2500,2025-11-30,12H_NIGHT,4,7,0.0,11,2025,6,1,0,,0,0,Winter,0,0,1,1,0,12.0,12.0,1.0,1.0,0,1,0,Standard,26.0,20.0,60.0,70.0
1500,2025-12-03,COUPLE_DAY,4,7,0.0,12,2025,2,0,0,,0,1,Winter,0,0,1,1,1,12.0,12.0,1.0,1.0,0,1,0,Standard,26.0,20.0,60.0,60.0
1000,2025-12-05,COUPLE_DAY,4,7,0.0,12,2025,4,0,0,,0,1,Winter,0,0,1,1,1,12.0,12.0,1.0,1.0,0,1,0,Standard,26.0,20.0,60.0,60.0
1500,2025-12-06,COUPLE_DAY,4,7,0.0,12,2025,5,1,0,,0,1,Winter,0,0,1,1,0,12.0,12.0,1.0,1.0,0,1,0,Standard,26.0,20.0,60.0,80.0
4500,2025-12-07,COUPLE_DAY,4,7,0.0,12,2025,6,1,0,,0,1,Winter,0,0,1,1,0,12.0,12.0,1.0,1.0,0,1,0,Standard,26.0,20.0,60.0,80.0
1500,2025-12-08,COUPLE_DAY,4,7,0.0,12,2025,0,0,0,,0,1,Winter,0,0,1,1,1,12.0,12.0,1.0,1.0,0,1,0,Standard,26.0,20.0,60.0,60.0
3500,2025-12-09,24H_NIGHT,4,7,0.0,12,2025,1,0,0,,0,1,Winter,0,0,1,1,1,24.0,24.0,1.0,1.0,0,1,0,Standard,26.0,20.0,60.0,60.0
2000,2025-12-10,24H_NIGHT,4,7,0.0,12,2025,2,0,0,,0,1,Winter,0,0,1,1,1,24.0,24.0,1.0,1.0,0,1,0,Standard,26.0,20.0,60.0,60.0
4500,2025-12-13,24H_NIGHT,4,7,0.0,12,2025,5,1,0,,0,1,Winter,0,0,1,1,0,24.0,24.0,1.0,1.0,0,1,0,Standard,26.0,20.0,60.0,80.0
2000,2025-12-17,COUPLE_DAY,4,7,0.0,12,2025,2,0,0,,0,1,Winter,0,0,1,1,1,12.0,12.0,1.0,1.0,0,1,0,Standard,26.0,20.0,60.0,60.0
1500,2025-12-18,COUPLE_DAY,4,7,0.0,12,2025,3,0,0,,0,1,Winter,0,0,1,1,1,12.0,12.0,1.0,1.0,0,1,0,Standard,26.0,20.0,60.0,60.0
2000,2025-12-19,COUPLE_DAY,4,7,0.0,12,2025,4,0,0,,0,1,Winter,0,0,1,1,1,12.0,12.0,1.0,1.0,0,1,0,Standard,26.0,20.0,60.0,60.0
2000,2025-12-20,COUPLE_DAY,4,7,0.0,12,2025,5,1,0,,0,1,Winter,0,0,1,1,0,12.0,12.0,1.0,1.0,0,1,0,Standard,26.0,20.0,60.0,80.0
1500,2025-12-22,COUPLE_DAY,4,7,0.0,12,2025,0,0,0,,0,1,Winter,0,0,1,1,1,12.0,12.0,1.0,1.0,0,1,0,Standard,26.0,20.0,60.0,60.0
2500,2025-12-26,COUPLE_DAY,4,7,0.0,12,2025,4,0,0,,0,1,Winter,0,0,1,1,1,12.0,12.0,1.0,1.0,0,1,0,Standard,26.0,20.0,60.0,60.0
500,2025-12-27,24H_NIGHT,4,7,0.0,12,2025,5,1,0,,0,1,Winter,0,0,1,1,0,24.0,24.0,1.0,1.0,0,1,0,Standard,26.0,20.0,60.0,80.0
23500,2025-12-27,COUPLE_DAY,4,7,0.0,12,2025,5,1,0,,0,1,Winter,0,0,1,1,0,12.0,12.0,1.0,1.0,0,1,0,Standard,26.0,20.0,60.0,80.0
2000,2026-01-02,COUPLE_DAY,4,7,0.0,1,2026,4,0,0,,0,1,Winter,0,0,1,1,1,12.0,12.0,1.0,1.0,0,1,0,Standard,26.0,20.0,60.0,60.0
6000,2026-01-03,COUPLE_DAY,4,7,0.0,1,2026,5,1,0,,0,1,Winter,0,0,1,1,0,12.0,12.0,1.0,1.0,0,1,0,Standard,26.0,20.0,60.0,80.0
2000,2026-01-06,COUPLE_DAY,4,7,0.0,1,2026,1,0,0,,0,1,Winter,0,0,1,1,1,12.0,12.0,1.0,1.0,0,1,0,Standard,26.0,20.0,60.0,60.0
3500,2026-01-09,24H_NIGHT,4,7,0.0,1,2026,4,0,0,,0,1,Winter,0,0,1,1,1,24.0,24.0,1.0,1.0,0,1,0,Standard,26.0,20.0,60.0,60.0
1000,2026-01-10,12H_NIGHT,4,7,0.0,1,2026,5,1,0,,0,1,Winter,0,0,1,1,0,12.0,12.0,1.0,1.0,0,1,0,Standard,26.0,20.0,60.0,80.0
5000,2026-01-10,24H_NIGHT,4,7,0.0,1,2026,5,1,0,,0,1,Winter,0,0,1,1,0,24.0,24.0,1.0,1.0,0,1,0,Standard,26.0,20.0,60.0,80.0
1000,2026-01-11,24H_DAY,4,7,0.0,1,2026,6,1,0,,0,1,Winter,0,0,1,1,0,24.0,24.0,1.0,1.0,0,1,0,Standard,26.0,20.0,60.0,80.0
2500,2026-01-11,12H_NIGHT,4,7,0.0,1,2026,6,1,0,,0,1,Winter,0,0,1,1,0,12.0,12.0,1.0,1.0,0,1,0,Standard,26.0,20.0,60.0,80.0
2500,2026-01-12,COUPLE_DAY,4,7,0.0,1,2026,0,0,0,,0,1,Winter,0,0,1,1,1,12.0,12.0,1.0,1.0,0,1,0,Standard,26.0,20.0,60.0,60.0
4000,2026-01-14,COUPLE_DAY,4,7,0.0,1,2026,2,0,1,Makar Sankranti,0,1,Winter,0,0,1,1,0,12.0,12.0,1.0,1.0,0,1,0,Standard,26.0,20.0,60.0,85.0
2500,2026-01-16,COUPLE_DAY,4,7,0.0,1,2026,4,0,0,,0,1,Winter,0,0,1,1,1,12.0,12.0,1.0,1.0,0,1,0,Standard,26.0,20.0,60.0,60.0
5000,2026-01-17,24H_NIGHT,4,7,0.0,1,2026,5,1,0,,0,1,Winter,0,0,1,1,0,24.0,24.0,1.0,1.0,0,1,0,Standard,26.0,20.0,60.0,80.0
1500,2026-01-23,COUPLE_DAY,4,7,0.0,1,2026,4,0,0,,0,1,Winter,0,0,1,1,1,12.0,12.0,1.0,1.0,0,1,0,Standard,26.0,20.0,60.0,60.0
1000,2026-01-23,24H_NIGHT,4,7,0.0,1,2026,4,0,0,,0,1,Winter,0,0,1,1,1,24.0,24.0,1.0,1.0,0,1,0,Standard,26.0,20.0,60.0,60.0
5000,2026-01-24,24H_NIGHT,4,7,0.0,1,2026,5,1,0,,0,1,Winter,0,0,1,1,0,24.0,24.0,1.0,1.0,0,1,0,Standard,26.0,20.0,60.0,80.0
4000,2026-01-25,COUPLE_DAY,4,7,0.0,1,2026,6,1,0,,0,1,Winter,0,0,1,1,0,12.0,12.0,1.0,1.0,0,1,0,Standard,26.0,20.0,60.0,80.0
2000,2026-01-30,COUPLE_DAY,4,7,0.0,1,2026,4,0,0,,0,1,Winter,0,0,1,1,1,12.0,12.0,1.0,1.0,0,1,0,Standard,26.0,20.0,60.0,60.0
1000,2026-01-31,COUPLE_DAY,4,7,0.0,1,2026,5,1,0,,0,1,Winter,0,0,1,1,0,12.0,12.0,1.0,1.0,0,1,0,Standard,26.0,20.0,60.0,80.0
3000,2026-02-01,12H_NIGHT,4,7,0.0,2,2026,6,1,0,,0,0,Winter,0,0,1,1,0,12.0,12.0,1.0,1.0,0,1,0,Standard,26.0,20.0,60.0,70.0
3500,2026-02-02,24H_NIGHT,4,7,0.0,2,2026,0,0,0,,0,0,Winter,0,0,1,0,1,24.0,24.0,1.0,1.0,0,1,0,Standard,26.0,20.0,60.0,50.0
3000,2026-02-05,12H_NIGHT,4,7,0.0,2,2026,3,0,0,,0,0,Winter,0,0,1,0,1,12.0,12.0,1.0,1.0,0,1,0,Standard,26.0,20.0,60.0,50.0
3500,2026-02-06,24H_NIGHT,4,7,0.0,2,2026,4,0,0,,0,0,Winter,0,0,1,0,1,24.0,24.0,1.0,1.0,0,1,0,Standard,26.0,20.0,60.0,50.0
2500,2026-02-08,COUPLE_DAY,4,7,0.0,2,2026,6,1,0,,0,0,Winter,0,0,1,1,0,12.0,12.0,1.0,1.0,0,1,0,Standard,26.0,20.0,60.0,70.0
1500,2026-02-10,COUPLE_DAY,4,7,0.0,2,2026,1,0,0,,0,0,Winter,0,0,1,0,1,12.0,12.0,1.0,1.0,0,1,0,Standard,26.0,20.0,60.0,50.0
1500,2026-02-13,COUPLE_DAY,4,7,0.0,2,2026,4,0,0,,0,0,Winter,0,0,1,0,1,12.0,12.0,1.0,1.0,0,1,0,Standard,26.0,20.0,60.0,50.0
4500,2026-02-14,24H_NIGHT,4,7,0.0,2,2026,5,1,0,,0,0,Winter,0,0,1,1,0,24.0,24.0,1.0,1.0,0,1,0,Standard,26.0,20.0,60.0,70.0
2500,2026-02-16,COUPLE_DAY,4,7,0.0,2,2026,0,0,0,,0,0,Winter,0,0,1,0,1,12.0,12.0,1.0,1.0,0,1,0,Standard,26.0,20.0,60.0,50.0
1500,2026-02-18,COUPLE_DAY,4,7,0.0,2,2026,2,0,1,Maha Shivratri,0,0,Winter,0,0,1,1,0,12.0,12.0,1.0,1.0,0,1,0,Standard,26.0,20.0,60.0,75.0
1500,2026-02-21,COUPLE_DAY,4,7,0.0,2,2026,5,1,0,,0,0,Winter,0,0,1,1,0,12.0,12.0,1.0,1.0,0,1,0,Standard,26.0,20.0,60.0,70.0
1500,2026-02-24,COUPLE_DAY,4,7,0.0,2,2026,1,0,0,,0,0,Winter,0,0,1,0,1,12.0,12.0,1.0,1.0,0,1,0,Standard,26.0,20.0,60.0,50.0
2000,2026-02-25,COUPLE_DAY,4,7,0.0,2,2026,2,0,0,,0,0,Winter,0,0,1,0,1,12.0,12.0,1.0,1.0,0,1,0,Standard,26.0,20.0,60.0,50.0
3500,2026-02-27,24H_NIGHT,4,7,0.0,2,2026,4,0,0,,0,0,Winter,0,0,1,0,1,24.0,24.0,1.0,1.0,0,1,0,Standard,26.0,20.0,60.0,50.0
5000,2026-02-28,24H_NIGHT,4,7,0.0,2,2026,5,1,0,,0,0,Winter,0,0,1,1,0,24.0,24.0,1.0,1.0,0,1,0,Standard,26.0,20.0,60.0,70.0
3000,2026-03-01,12H_NIGHT,4,7,0.0,3,2026,6,1,0,,0,0,Summer,0,1,0,1,0,12.0,12.0,1.0,1.0,0,1,0,Standard,26.0,20.0,60.0,70.0
7500,2026-03-02,24H_NIGHT,4,7,0.0,3,2026,0,0,0,,0,0,Summer,0,1,0,1,0,24.0,24.0,1.0,1.0,0,1,0,Standard,26.0,20.0,60.0,50.0
18000,2026-03-03,24H_NIGHT,4,7,0.0,3,2026,1,0,0,,0,0,Summer,0,1,0,1,0,24.0,24.0,1.0,1.0,0,1,0,Standard,26.0,20.0,60.0,50.0
4500,2026-03-05,24H_NIGHT,4,7,0.0,3,2026,3,0,1,Dhuleti,0,0,Summer,0,1,0,1,0,24.0,24.0,1.0,1.0,0,1,0,Standard,26.0,20.0,60.0,75.0
1500,2026-03-07,COUPLE_DAY,4,7,0.0,3,2026,5,1,0,,0,0,Summer,0,1,0,1,0,12.0,12.0,1.0,1.0,0,1,0,Standard,26.0,20.0,60.0,70.0
7000,2026-03-07,24H_NIGHT,4,7,0.0,3,2026,5,1,0,,0,0,Summer,0,1,0,1,0,24.0,24.0,1.0,1.0,0,1,0,Standard,26.0,20.0,60.0,70.0
2500,2026-03-08,12H_NIGHT,4,7,0.0,3,2026,6,1,1,Holi,0,0,Summer,0,1,0,1,0,12.0,12.0,1.0,1.0,0,1,0,Standard,26.0,20.0,60.0,95.0
4000,2026-03-09,COUPLE_DAY,4,7,0.0,3,2026,0,0,1,Dhuleti,0,0,Summer,0,1,0,1,0,12.0,12.0,1.0,1.0,0,1,0,Standard,26.0,20.0,60.0,75.0
2500,2026-03-11,COUPLE_DAY,4,7,0.0,3,2026,2,0,0,,0,0,Summer,0,1,0,1,0,12.0,12.0,1.0,1.0,0,1,0,Standard,26.0,20.0,60.0,50.0
3500,2026-03-12,COUPLE_DAY,4,7,0.0,3,2026,3,0,0,,0,0,Summer,0,1,0,1,0,12.0,12.0,1.0,1.0,0,1,0,Standard,26.0,20.0,60.0,50.0
5500,2026-03-13,24H_NIGHT,4,7,0.0,3,2026,4,0,0,,0,0,Summer,0,1,0,1,0,24.0,24.0,1.0,1.0,0,1,0,Standard,26.0,20.0,60.0,50.0
8500,2026-03-14,24H_NIGHT,4,7,0.0,3,2026,5,1,1,Holi,0,0,Summer,0,1,0,1,0,24.0,24.0,1.0,1.0,0,1,0,Standard,26.0,20.0,60.0,95.0
2500,2026-03-15,12H_NIGHT,4,7,0.0,3,2026,6,1,1,Dhuleti,0,0,Summer,0,1,0,1,0,12.0,12.0,1.0,1.0,0,1,0,Standard,26.0,20.0,60.0,95.0
3500,2026-03-16,COUPLE_DAY,4,7,0.0,3,2026,0,0,0,,0,0,Summer,0,1,0,1,0,12.0,12.0,1.0,1.0,0,1,0,Standard,26.0,20.0,60.0,50.0
5000,2026-03-16,24H_NIGHT,4,7,0.0,3,2026,0,0,0,,0,0,Summer,0,1,0,1,0,24.0,24.0,1.0,1.0,0,1,0,Standard,26.0,20.0,60.0,50.0
3000,2026-03-17,12H_NIGHT,4,7,0.0,3,2026,1,0,0,,0,0,Summer,0,1,0,1,0,12.0,12.0,1.0,1.0,0,1,0,Standard,26.0,20.0,60.0,50.0
3000,2026-03-18,12H_NIGHT,4,7,0.0,3,2026,2,0,0,,0,0,Summer,0,1,0,1,0,12.0,12.0,1.0,1.0,0,1,0,Standard,26.0,20.0,60.0,50.0
3800,2026-03-19,COUPLE_DAY,4,7,0.0,3,2026,3,0,0,,0,0,Summer,0,1,0,1,0,12.0,12.0,1.0,1.0,0,1,0,Standard,26.0,20.0,60.0,50.0
3300,2026-03-20,COUPLE_DAY,4,7,0.0,3,2026,4,0,1,Ram Navami,0,0,Summer,0,1,0,1,0,12.0,12.0,1.0,1.0,0,1,0,Standard,26.0,20.0,60.0,75.0
5500,2026-03-20,24H_NIGHT,4,7,0.0,3,2026,4,0,1,Ram Navami,0,0,Summer,0,1,0,1,0,24.0,24.0,1.0,1.0,0,1,0,Standard,26.0,20.0,60.0,75.0
10000,2026-03-21,24H_NIGHT,4,7,0.0,3,2026,5,1,0,,0,0,Summer,0,1,0,1,0,24.0,24.0,1.0,1.0,0,1,0,Standard,26.0,20.0,60.0,70.0
3000,2026-03-22,12H_NIGHT,4,7,0.0,3,2026,6,1,0,,0,0,Summer,0,1,0,1,0,12.0,12.0,1.0,1.0,0,1,0,Standard,26.0,20.0,60.0,70.0
4000,2026-03-23,COUPLE_DAY,4,7,0.0,3,2026,0,0,0,,0,0,Summer,0,1,0,1,0,12.0,12.0,1.0,1.0,0,1,0,Standard,26.0,20.0,60.0,50.0
4000,2026-03-24,COUPLE_DAY,4,7,0.0,3,2026,1,0,0,,0,0,Summer,0,1,0,1,0,12.0,12.0,1.0,1.0,0,1,0,Standard,26.0,20.0,60.0,50.0
3000,2026-03-28,COUPLE_DAY,4,7,0.0,3,2026,5,1,0,,0,0,Summer,0,1,0,1,0,12.0,12.0,1.0,1.0,0,1,0,Standard,26.0,20.0,60.0,70.0
10000,2026-03-28,24H_NIGHT,4,7,0.0,3,2026,5,1,0,,0,0,Summer,0,1,0,1,0,24.0,24.0,1.0,1.0,0,1,0,Standard,26.0,20.0,60.0,70.0
4500,2026-03-29,24H_NIGHT,4,7,0.0,3,2026,6,1,1,Good Friday,0,0,Summer,0,1,0,1,0,24.0,24.0,1.0,1.0,0,1,0,Standard,26.0,20.0,60.0,95.0
5500,2026-03-30,24H_NIGHT,4,7,0.0,3,2026,0,0,1,Ram Navami,0,0,Summer,0,1,0,1,0,24.0,24.0,1.0,1.0,0,1,0,Standard,26.0,20.0,60.0,75.0
4000,2026-04-01,COUPLE_DAY,4,7,0.0,4,2026,2,0,0,,0,0,Summer,0,1,0,1,0,12.0,12.0,1.0,1.0,0,1,0,Standard,26.0,20.0,60.0,50.0
5000,2026-04-02,24H_NIGHT,4,7,0.0,4,2026,3,0,0,,0,0,Summer,0,1,0,1,0,24.0,24.0,1.0,1.0,0,1,0,Standard,26.0,20.0,60.0,50.0
3000,2026-04-03,12H_NIGHT,4,7,0.0,4,2026,4,0,0,,0,0,Summer,0,1,0,1,0,12.0,12.0,1.0,1.0,0,1,0,Standard,26.0,20.0,60.0,50.0
12000,2026-04-04,24H_NIGHT,4,7,0.0,4,2026,5,1,1,Mahavir Jayanti,0,0,Summer,0,1,0,1,0,24.0,24.0,1.0,1.0,0,1,0,Standard,26.0,20.0,60.0,95.0
4000,2026-04-06,COUPLE_DAY,4,7,0.0,4,2026,0,0,1,Ram Navami,0,0,Summer,0,1,0,1,0,12.0,12.0,1.0,1.0,0,1,0,Standard,26.0,20.0,60.0,75.0
2500,2026-04-08,COUPLE_DAY,4,7,0.0,4,2026,2,0,0,,0,0,Summer,0,1,0,1,0,12.0,12.0,1.0,1.0,0,1,0,Standard,26.0,20.0,60.0,50.0
2500,2026-04-09,COUPLE_DAY,4,7,0.0,4,2026,3,0,0,,0,0,Summer,0,1,0,1,0,12.0,12.0,1.0,1.0,0,1,0,Standard,26.0,20.0,60.0,50.0
5000,2026-04-09,24H_NIGHT,4,7,0.0,4,2026,3,0,0,,0,0,Summer,0,1,0,1,0,24.0,24.0,1.0,1.0,0,1,0,Standard,26.0,20.0,60.0,50.0
4000,2026-04-11,COUPLE_DAY,4,7,0.0,4,2026,5,1,1,Eid-ul-Fitr,0,0,Summer,0,1,0,1,0,12.0,12.0,1.0,1.0,0,1,0,Standard,26.0,20.0,60.0,95.0
12000,2026-04-11,24H_NIGHT,4,7,0.0,4,2026,5,1,1,Eid-ul-Fitr,0,0,Summer,0,1,0,1,0,24.0,24.0,1.0,1.0,0,1,0,Standard,26.0,20.0,60.0,95.0
5000,2026-04-13,24H_DAY,4,7,0.0,4,2026,0,0,0,,0,0,Summer,0,1,0,1,0,24.0,24.0,1.0,1.0,0,1,0,Standard,26.0,20.0,60.0,50.0
3500,2026-04-14,COUPLE_DAY,4,7,0.0,4,2026,1,0,0,,0,0,Summer,0,1,0,1,0,12.0,12.0,1.0,1.0,0,1,0,Standard,26.0,20.0,60.0,50.0
3000,2026-04-15,COUPLE_DAY,4,7,0.0,4,2026,2,0,0,,0,0,Summer,0,1,0,1,0,12.0,12.0,1.0,1.0,0,1,0,Standard,26.0,20.0,60.0,50.0
5000,2026-04-15,24H_NIGHT,4,7,0.0,4,2026,2,0,0,,0,0,Summer,0,1,0,1,0,24.0,24.0,1.0,1.0,0,1,0,Standard,26.0,20.0,60.0,50.0
4000,2026-04-17,COUPLE_DAY,4,7,0.0,4,2026,4,0,1,Ram Navami,0,0,Summer,0,1,0,1,0,12.0,12.0,1.0,1.0,0,1,0,Standard,26.0,20.0,60.0,75.0
5000,2026-04-17,24H_NIGHT,4,7,0.0,4,2026,4,0,1,Ram Navami,0,0,Summer,0,1,0,1,0,24.0,24.0,1.0,1.0,0,1,0,Standard,26.0,20.0,60.0,75.0
11000,2026-04-18,24H_NIGHT,4,7,0.0,4,2026,5,1,0,,0,0,Summer,0,1,0,1,0,24.0,24.0,1.0,1.0,0,1,0,Standard,26.0,20.0,60.0,70.0
5000,2026-04-19,24H_NIGHT,4,7,0.0,4,2026,6,1,0,,0,0,Summer,0,1,0,1,0,24.0,24.0,1.0,1.0,0,1,0,Standard,26.0,20.0,60.0,70.0
5000,2026-04-21,24H_NIGHT,4,7,0.0,4,2026,1,0,1,Mahavir Jayanti,0,0,Summer,0,1,0,1,0,24.0,24.0,1.0,1.0,0,1,0,Standard,26.0,20.0,60.0,75.0
5000,2026-04-22,24H_NIGHT,4,7,0.0,4,2026,2,0,1,Eid-ul-Fitr,0,0,Summer,0,1,0,1,0,24.0,24.0,1.0,1.0,0,1,0,Standard,26.0,20.0,60.0,75.0
5000,2026-04-23,24H_NIGHT,4,7,0.0,4,2026,3,0,0,,0,0,Summer,0,1,0,1,0,24.0,24.0,1.0,1.0,0,1,0,Standard,26.0,20.0,60.0,50.0
3000,2026-04-24,12H_NIGHT,4,7,0.0,4,2026,4,0,0,,0,0,Summer,0,1,0,1,0,12.0,12.0,1.0,1.0,0,1,0,Standard,26.0,20.0,60.0,50.0
4500,2026-04-25,COUPLE_DAY,4,7,0.0,4,2026,5,1,0,,0,0,Summer,0,1,0,1,0,12.0,12.0,1.0,1.0,0,1,0,Standard,26.0,20.0,60.0,70.0
12000,2026-04-25,24H_NIGHT,4,7,0.0,4,2026,5,1,0,,0,0,Summer,0,1,0,1,0,24.0,24.0,1.0,1.0,0,1,0,Standard,26.0,20.0,60.0,70.0
1000,2026-04-26,COUPLE_NIGHT,4,7,0.0,4,2026,6,1,0,,0,0,Summer,0,1,0,1,0,12.0,12.0,1.0,1.0,0,1,0,Standard,26.0,20.0,60.0,70.0
2000,2026-04-27,COUPLE_DAY,4,7,0.0,4,2026,0,0,0,,0,0,Summer,0,1,0,1,0,12.0,12.0,1.0,1.0,0,1,0,Standard,26.0,20.0,60.0,50.0
4500,2026-04-27,24H_NIGHT,4,7,0.0,4,2026,0,0,0,,0,0,Summer,0,1,0,1,0,24.0,24.0,1.0,1.0,0,1,0,Standard,26.0,20.0,60.0,50.0
5500,2026-04-28,24H_NIGHT,4,7,0.0,4,2026,1,0,0,,0,0,Summer,0,1,0,1,0,24.0,24.0,1.0,1.0,0,1,0,Standard,26.0,20.0,60.0,50.0
5000,2026-04-30,24H_NIGHT,4,7,0.0,4,2026,3,0,0,,0,0,Summer,0,1,0,1,0,24.0,24.0,1.0,1.0,0,1,0,Standard,26.0,20.0,60.0,50.0
4500,2026-05-01,24H_NIGHT,4,7,0.0,5,2026,4,0,0,,0,1,Summer,0,1,0,1,0,24.0,24.0,1.0,1.0,0,1,0,Standard,26.0,20.0,60.0,60.0
13500,2026-05-02,24H_NIGHT,4,7,0.0,5,2026,5,1,0,,0,1,Summer,0,1,0,1,0,24.0,24.0,1.0,1.0,0,1,0,Standard,26.0,20.0,60.0,80.0
3500,2026-05-04,COUPLE_DAY,4,7,0.0,5,2026,0,0,0,,0,1,Summer,0,1,0,1,0,12.0,12.0,1.0,1.0,0,1,0,Standard,26.0,20.0,60.0,60.0
5500,2026-05-05,COUPLE_DAY,4,7,0.0,5,2026,1,0,1,Buddha Purnima,0,1,Summer,0,1,0,1,0,12.0,12.0,1.0,1.0,0,1,0,Standard,26.0,20.0,60.0,85.0
5000,2026-05-05,24H_NIGHT,4,7,0.0,5,2026,1,0,1,Buddha Purnima,0,1,Summer,0,1,0,1,0,24.0,24.0,1.0,1.0,0,1,0,Standard,26.0,20.0,60.0,85.0
5000,2026-05-06,24H_NIGHT,4,7,0.0,5,2026,2,0,0,,0,1,Summer,0,1,0,1,0,24.0,24.0,1.0,1.0,0,1,0,Standard,26.0,20.0,60.0,60.0
5000,2026-05-07,24H_NIGHT,4,7,0.0,5,2026,3,0,0,,0,1,Summer,0,1,0,1,0,24.0,24.0,1.0,1.0,0,1,0,Standard,26.0,20.0,60.0,60.0
6000,2026-05-08,24H_NIGHT,4,7,0.0,5,2026,4,0,0,,0,1,Summer,0,1,0,1,0,24.0,24.0,1.0,1.0,0,1,0,Standard,26.0,20.0,60.0,60.0
13500,2026-05-09,24H_NIGHT,4,7,0.0,5,2026,5,1,0,,0,1,Summer,0,1,0,1,0,24.0,24.0,1.0,1.0,0,1,0,Standard,26.0,20.0,60.0,80.0
4000,2026-05-10,12H_NIGHT,4,7,0.0,5,2026,6,1,0,,0,1,Summer,0,1,0,1,0,12.0,12.0,1.0,1.0,0,1,0,Standard,26.0,20.0,60.0,80.0
4000,2026-05-11,COUPLE_DAY,4,7,0.0,5,2026,0,0,0,,0,1,Summer,0,1,0,1,0,12.0,12.0,1.0,1.0,0,1,0,Standard,26.0,20.0,60.0,60.0
5500,2026-05-11,24H_NIGHT,4,7,0.0,5,2026,0,0,0,,0,1,Summer,0,1,0,1,0,24.0,24.0,1.0,1.0,0,1,0,Standard,26.0,20.0,60.0,60.0
6000,2026-05-12,24H_NIGHT,4,7,0.0,5,2026,1,0,0,,0,1,Summer,0,1,0,1,0,24.0,24.0,1.0,1.0,0,1,0,Standard,26.0,20.0,60.0,60.0
6000,2026-05-13,24H_NIGHT,4,7,0.0,5,2026,2,0,0,,0,1,Summer,0,1,0,1,0,24.0,24.0,1.0,1.0,0,1,0,Standard,26.0,20.0,60.0,60.0
6000,2026-05-14,24H_NIGHT,4,7,0.0,5,2026,3,0,0,,0,1,Summer,0,1,0,1,0,24.0,24.0,1.0,1.0,0,1,0,Standard,26.0,20.0,60.0,60.0
6500,2026-05-15,24H_NIGHT,4,7,0.0,5,2026,4,0,0,,0,1,Summer,0,1,0,1,0,24.0,24.0,1.0,1.0,0,1,0,Standard,26.0,20.0,60.0,60.0
14000,2026-05-16,24H_NIGHT,4,7,0.0,5,2026,5,1,0,,0,1,Summer,0,1,0,1,0,24.0,24.0,1.0,1.0,0,1,0,Standard,26.0,20.0,60.0,80.0
6000,2026-05-17,24H_NIGHT,4,7,0.0,5,2026,6,1,0,,0,1,Summer,0,1,0,1,0,24.0,24.0,1.0,1.0,0,1,0,Standard,26.0,20.0,60.0,80.0
6000,2026-05-18,24H_NIGHT,4,7,0.0,5,2026,0,0,0,,0,1,Summer,0,1,0,1,0,24.0,24.0,1.0,1.0,0,1,0,Standard,26.0,20.0,60.0,60.0
6500,2026-05-19,24H_NIGHT,4,7,0.0,5,2026,1,0,0,,0,1,Summer,0,1,0,1,0,24.0,24.0,1.0,1.0,0,1,0,Standard,26.0,20.0,60.0,60.0
6000,2026-05-20,24H_NIGHT,4,7,0.0,5,2026,2,0,0,,0,1,Summer,0,1,0,1,0,24.0,24.0,1.0,1.0,0,1,0,Standard,26.0,20.0,60.0,60.0
6000,2026-05-21,24H_NIGHT,4,7,0.0,5,2026,3,0,0,,0,1,Summer,0,1,0,1,0,24.0,24.0,1.0,1.0,0,1,0,Standard,26.0,20.0,60.0,60.0
6000,2026-05-22,24H_NIGHT,4,7,0.0,5,2026,4,0,0,,0,1,Summer,0,1,0,1,0,24.0,24.0,1.0,1.0,0,1,0,Standard,26.0,20.0,60.0,60.0
14000,2026-05-23,24H_NIGHT,4,7,0.0,5,2026,5,1,1,Buddha Purnima,0,1,Summer,0,1,0,1,0,24.0,24.0,1.0,1.0,0,1,0,Standard,26.0,20.0,60.0,100.0
6500,2026-05-24,24H_NIGHT,4,7,0.0,5,2026,6,1,0,,0,1,Summer,0,1,0,1,0,24.0,24.0,1.0,1.0,0,1,0,Standard,26.0,20.0,60.0,80.0
6500,2026-05-25,24H_NIGHT,4,7,0.0,5,2026,0,0,0,,0,1,Summer,0,1,0,1,0,24.0,24.0,1.0,1.0,0,1,0,Standard,26.0,20.0,60.0,60.0
6500,2026-05-26,24H_NIGHT,4,7,0.0,5,2026,1,0,0,,0,1,Summer,0,1,0,1,0,24.0,24.0,1.0,1.0,0,1,0,Standard,26.0,20.0,60.0,60.0
7000,2026-05-27,24H_NIGHT,4,7,0.0,5,2026,2,0,0,,0,1,Summer,0,1,0,1,0,24.0,24.0,1.0,1.0,0,1,0,Standard,26.0,20.0,60.0,60.0
6500,2026-05-28,24H_NIGHT,4,7,0.0,5,2026,3,0,0,,0,1,Summer,0,1,0,1,0,24.0,24.0,1.0,1.0,0,1,0,Standard,26.0,20.0,60.0,60.0
6500,2026-05-29,24H_NIGHT,4,7,0.0,5,2026,4,0,0,,0,1,Summer,0,1,0,1,0,24.0,24.0,1.0,1.0,0,1,0,Standard,26.0,20.0,60.0,60.0
14000,2026-05-30,24H_NIGHT,4,7,0.0,5,2026,5,1,0,,0,1,Summer,0,1,0,1,0,24.0,24.0,1.0,1.0,0,1,0,Standard,26.0,20.0,60.0,80.0
4500,2026-05-31,12H_NIGHT,4,7,0.0,5,2026,6,1,0,,0,1,Summer,0,1,0,1,0,12.0,12.0,1.0,1.0,0,1,0,Standard,26.0,20.0,60.0,80.0
4500,2026-06-01,COUPLE_DAY,4,7,0.0,6,2026,0,0,0,,0,0,Monsoon,1,0,0,0,0,12.0,12.0,1.0,1.0,0,1,0,Standard,26.0,20.0,60.0,50.0
6500,2026-06-01,24H_NIGHT,4,7,0.0,6,2026,0,0,0,,0,0,Monsoon,1,0,0,0,0,24.0,24.0,1.0,1.0,0,1,0,Standard,26.0,20.0,60.0,50.0
6500,2026-06-02,24H_NIGHT,4,7,0.0,6,2026,1,0,0,,0,0,Monsoon,1,0,0,0,0,24.0,24.0,1.0,1.0,0,1,0,Standard,26.0,20.0,60.0,50.0
6000,2026-06-03,24H_NIGHT,4,7,0.0,6,2026,2,0,0,,0,0,Monsoon,1,0,0,0,0,24.0,24.0,1.0,1.0,0,1,0,Standard,26.0,20.0,60.0,50.0
6500,2026-06-04,24H_NIGHT,4,7,0.0,6,2026,3,0,0,,0,0,Monsoon,1,0,0,0,0,24.0,24.0,1.0,1.0,0,1,0,Standard,26.0,20.0,60.0,50.0
6500,2026-06-05,24H_NIGHT,4,7,0.0,6,2026,4,0,0,,0,0,Monsoon,1,0,0,0,0,24.0,24.0,1.0,1.0,0,1,0,Standard,26.0,20.0,60.0,50.0
14000,2026-06-06,24H_NIGHT,4,7,0.0,6,2026,5,1,0,,0,0,Monsoon,1,0,0,1,0,24.0,24.0,1.0,1.0,0,1,0,Standard,26.0,20.0,60.0,70.0
5000,2026-06-07,24H_NIGHT,4,7,0.0,6,2026,6,1,0,,0,0,Monsoon,1,0,0,1,0,24.0,24.0,1.0,1.0,0,1,0,Standard,26.0,20.0,60.0,70.0
5200,2026-06-08,24H_NIGHT,4,7,0.0,6,2026,0,0,0,,0,0,Monsoon,1,0,0,0,0,24.0,24.0,1.0,1.0,0,1,0,Standard,26.0,20.0,60.0,50.0
5000,2026-06-09,24H_NIGHT,4,7,0.0,6,2026,1,0,0,,0,0,Monsoon,1,0,0,0,0,24.0,24.0,1.0,1.0,0,1,0,Standard,26.0,20.0,60.0,50.0
4000,2026-06-11,COUPLE_DAY,4,7,0.0,6,2026,3,0,0,,0,0,Monsoon,1,0,0,0,0,12.0,12.0,1.0,1.0,0,1,0,Standard,26.0,20.0,60.0,50.0
5000,2026-06-11,24H_NIGHT,4,7,0.0,6,2026,3,0,0,,0,0,Monsoon,1,0,0,0,0,24.0,24.0,1.0,1.0,0,1,0,Standard,26.0,20.0,60.0,50.0
4500,2026-06-12,24H_NIGHT,4,7,0.0,6,2026,4,0,0,,0,0,Monsoon,1,0,0,0,0,24.0,24.0,1.0,1.0,0,1,0,Standard,26.0,20.0,60.0,50.0
10000,2026-06-13,24H_NIGHT,4,7,0.0,6,2026,5,1,0,,0,0,Monsoon,1,0,0,1,0,24.0,24.0,1.0,1.0,0,1,0,Standard,26.0,20.0,60.0,70.0
3000,2026-06-14,12H_NIGHT,4,7,0.0,6,2026,6,1,0,,0,0,Monsoon,1,0,0,1,0,12.0,12.0,1.0,1.0,0,1,0,Standard,26.0,20.0,60.0,70.0
1000,2026-06-15,COUPLE_DAY,4,7,0.0,6,2026,0,0,0,,0,0,Monsoon,1,0,0,0,0,12.0,12.0,1.0,1.0,0,1,0,Standard,26.0,20.0,60.0,50.0
4500,2026-06-15,24H_NIGHT,4,7,0.0,6,2026,0,0,0,,0,0,Monsoon,1,0,0,0,0,24.0,24.0,1.0,1.0,0,1,0,Standard,26.0,20.0,60.0,50.0
5000,2026-06-16,24H_NIGHT,4,7,0.0,6,2026,1,0,0,,0,0,Monsoon,1,0,0,0,0,24.0,24.0,1.0,1.0,0,1,0,Standard,26.0,20.0,60.0,50.0
2500,2026-06-17,12H_NIGHT,4,7,0.0,6,2026,2,0,1,Bakrid,0,0,Monsoon,1,0,0,1,0,12.0,12.0,1.0,1.0,0,1,0,Standard,26.0,20.0,60.0,75.0
4300,2026-06-18,24H_NIGHT,4,7,0.0,6,2026,3,0,0,,0,0,Monsoon,1,0,0,0,0,24.0,24.0,1.0,1.0,0,1,0,Standard,26.0,20.0,60.0,50.0
2000,2026-06-19,24H_NIGHT,4,7,0.0,6,2026,4,0,0,,0,0,Monsoon,1,0,0,0,0,24.0,24.0,1.0,1.0,0,1,0,Standard,26.0,20.0,60.0,50.0
10000,2026-06-20,24H_NIGHT,4,7,0.0,6,2026,5,1,0,,0,0,Monsoon,1,0,0,1,0,24.0,24.0,1.0,1.0,0,1,0,Standard,26.0,20.0,60.0,70.0
4500,2026-06-21,24H_NIGHT,4,7,0.0,6,2026,6,1,0,,0,0,Monsoon,1,0,0,1,0,24.0,24.0,1.0,1.0,0,1,0,Standard,26.0,20.0,60.0,70.0
4000,2026-06-22,24H_NIGHT,4,7,0.0,6,2026,0,0,0,,0,0,Monsoon,1,0,0,0,0,24.0,24.0,1.0,1.0,0,1,0,Standard,26.0,20.0,60.0,50.0
4000,2026-06-26,COUPLE_DAY,4,7,0.0,6,2026,4,0,0,,0,0,Monsoon,1,0,0,0,0,12.0,12.0,1.0,1.0,0,1,0,Standard,26.0,20.0,60.0,50.0
5000,2026-06-26,24H_NIGHT,4,7,0.0,6,2026,4,0,0,,0,0,Monsoon,1,0,0,0,0,24.0,24.0,1.0,1.0,0,1,0,Standard,26.0,20.0,60.0,50.0
6000,2026-06-27,24H_NIGHT,4,7,0.0,6,2026,5,1,0,,0,0,Monsoon,1,0,0,1,0,24.0,24.0,1.0,1.0,0,1,0,Standard,26.0,20.0,60.0,70.0
4500,2026-06-28,24H_NIGHT,4,7,0.0,6,2026,6,1,0,,0,0,Monsoon,1,0,0,1,0,24.0,24.0,1.0,1.0,0,1,0,Standard,26.0,20.0,60.0,70.0
4000,2026-06-29,24H_NIGHT,4,7,0.0,6,2026,0,0,1,Bakrid,0,0,Monsoon,1,0,0,1,0,24.0,24.0,1.0,1.0,0,1,0,Standard,26.0,20.0,60.0,75.0
3000,2026-07-01,COUPLE_DAY,4,7,0.0,7,2026,2,0,0,,0,0,Monsoon,1,0,0,0,0,12.0,12.0,1.0,1.0,0,1,0,Standard,26.0,20.0,60.0,50.0
3000,2026-07-01,12H_NIGHT,4,7,0.0,7,2026,2,0,0,,0,0,Monsoon,1,0,0,0,0,12.0,12.0,1.0,1.0,0,1,0,Standard,26.0,20.0,60.0,50.0
2500,2026-07-04,COUPLE_DAY,4,7,0.0,7,2026,5,1,0,,0,0,Monsoon,1,0,0,1,0,12.0,12.0,1.0,1.0,0,1,0,Standard,26.0,20.0,60.0,70.0
5000,2026-07-04,24H_NIGHT,4,7,0.0,7,2026,5,1,0,,0,0,Monsoon,1,0,0,1,0,24.0,24.0,1.0,1.0,0,1,0,Standard,26.0,20.0,60.0,70.0
7500,2026-07-07,COUPLE_DAY,4,7,0.0,7,2026,1,0,0,,0,0,Monsoon,1,0,0,0,0,12.0,12.0,1.0,1.0,0,1,0,Standard,26.0,20.0,60.0,50.0
3000,2026-07-12,12H_NIGHT,4,7,0.0,7,2026,6,1,0,,0,0,Monsoon,1,0,0,1,0,12.0,12.0,1.0,1.0,0,1,0,Standard,26.0,20.0,60.0,70.0
3500,2026-07-17,COUPLE_DAY,4,7,0.0,7,2026,4,0,1,Muharram,0,0,Monsoon,1,0,0,1,0,12.0,12.0,1.0,1.0,0,1,0,Standard,26.0,20.0,60.0,75.0
